car,date,grand_prix,laps,race_winner,time,year
Red Bull Racing Honda RBPT,02 Mar 2024,Bahrain,57,Max Verstappen,1:31:44.742,2024 RACE RESULTS
Red Bull Racing Honda RBPT,09 Mar 2024,Saudi Arabia,50,Max Verstappen,1:20:43.273,2024 RACE RESULTS
Ferrari,24 Mar 2024,Australia,58,Carlos Sainz,1:20:26.843,2024 RACE RESULTS
Red Bull Racing Honda RBPT,07 Apr 2024,Japan,53,Max Verstappen,1:54:23.566,2024 RACE RESULTS
Red Bull Racing Honda RBPT,21 Apr 2024,China,56,Max Verstappen,1:40:52.554,2024 RACE RESULTS
McLaren Mercedes,05 May 2024,Miami,57,Lando Norris,1:30:49.876,2024 RACE RESULTS
Red Bull Racing Honda RBPT,19 May 2024,Emilia-Romagna,63,Max Verstappen,1:25:25.252,2024 RACE RESULTS
Ferrari,26 May 2024,Monaco,78,Charles Leclerc,2:23:15.554,2024 RACE RESULTS
Red Bull Racing Honda RBPT,09 Jun 2024,Canada,70,Max Verstappen,1:45:47.927,2024 RACE RESULTS
Red Bull Racing Honda RBPT,23 Jun 2024,Spain,66,Max Verstappen,1:28:20.227,2024 RACE RESULTS
Mercedes,30 Jun 2024,Austria,71,George Russell,1:24:22.798,2024 RACE RESULTS
Mercedes,07 Jul 2024,Great Britain,52,Lewis Hamilton,1:22:27.059,2024 RACE RESULTS
McLaren Mercedes,21 Jul 2024,Hungary,70,Oscar Piastri,1:38:01.989,2024 RACE RESULTS
Ferrari,25 Mar 2018,Australia,58,Sebastian Vettel,1:29:33.283,2018 RACE RESULTS
Mercedes,17 Mar 2019,Australia,58,Valtteri Bottas,1:25:27.325,2019 RACE RESULTS
Ferrari,08 Apr 2018,Bahrain,57,Sebastian Vettel,1:32:01.940,2018 RACE RESULTS
Red Bull Racing TAG Heuer,15 Apr 2018,China,56,Daniel Ricciardo,1:35:36.380,2018 RACE RESULTS
Mercedes,29 Apr 2018,Azerbaijan,51,Lewis Hamilton,1:43:44.291,2018 RACE RESULTS
Mercedes,13 May 2018,Spain,66,Lewis Hamilton,1:35:29.972,2018 RACE RESULTS
Red Bull Racing TAG Heuer,27 May 2018,Monaco,78,Daniel Ricciardo,1:42:54.807,2018 RACE RESULTS
Ferrari,10 Jun 2018,Canada,68,Sebastian Vettel,1:28:31.377,2018 RACE RESULTS
Mercedes,24 Jun 2018,France,53,Lewis Hamilton,1:30:11.385,2018 RACE RESULTS
Red Bull Racing TAG Heuer,01 Jul 2018,Austria,71,Max Verstappen,1:21:56.024,2018 RACE RESULTS
Ferrari,08 Jul 2018,Great Britain,52,Sebastian Vettel,1:27:29.784,2018 RACE RESULTS
Mercedes,31 Mar 2019,Bahrain,57,Lewis Hamilton,1:34:21.295,2019 RACE RESULTS
Mercedes,14 Apr 2019,China,56,Lewis Hamilton,1:32:06.350,2019 RACE RESULTS
Mercedes,28 Apr 2019,Azerbaijan,51,Valtteri Bottas,1:31:52.942,2019 RACE RESULTS
Mercedes,12 May 2019,Spain,66,Lewis Hamilton,1:35:50.443,2019 RACE RESULTS
Mercedes,26 May 2019,Monaco,78,Lewis Hamilton,1:43:28.437,2019 RACE RESULTS
Mercedes,09 Jun 2019,Canada,70,Lewis Hamilton,1:29:07.084,2019 RACE RESULTS
Mercedes,23 Jun 2019,France,53,Lewis Hamilton,1:24:31.198,2019 RACE RESULTS
Red Bull Racing Honda,30 Jun 2019,Austria,71,Max Verstappen,1:22:01.822,2019 RACE RESULTS
Mercedes,14 Jul 2019,Great Britain,52,Lewis Hamilton,1:21:08.452,2019 RACE RESULTS
Red Bull Racing Honda,28 Jul 2019,Germany,64,Max Verstappen,1:44:31.275,2019 RACE RESULTS
Mercedes,04 Aug 2019,Hungary,70,Lewis Hamilton,1:35:03.796,2019 RACE RESULTS
Ferrari,01 Sep 2019,Belgium,44,Charles Leclerc,1:23:45.710,2019 RACE RESULTS
Mercedes,22 Jul 2018,Germany,67,Lewis Hamilton,1:32:29.845,2018 RACE RESULTS
Mercedes,29 Jul 2018,Hungary,70,Lewis Hamilton,1:37:16.427,2018 RACE RESULTS
Ferrari,26 Aug 2018,Belgium,44,Sebastian Vettel,1:23:34.476,2018 RACE RESULTS
Mercedes,02 Sep 2018,Italy,53,Lewis Hamilton,1:16:54.484,2018 RACE RESULTS
Mercedes,16 Sep 2018,Singapore,61,Lewis Hamilton,1:51:11.611,2018 RACE RESULTS
Mercedes,30 Sep 2018,Russia,53,Lewis Hamilton,1:27:25.181,2018 RACE RESULTS
Mercedes,07 Oct 2018,Japan,53,Lewis Hamilton,1:27:17.062,2018 RACE RESULTS
Ferrari,21 Oct 2018,United States,56,Kimi Räikkönen,1:34:18.643,2018 RACE RESULTS
Red Bull Racing TAG Heuer,28 Oct 2018,Mexico,71,Max Verstappen,1:38:28.851,2018 RACE RESULTS
Mercedes,11 Nov 2018,Brazil,71,Lewis Hamilton,1:27:09.066,2018 RACE RESULTS
Mercedes,25 Nov 2018,Abu Dhabi,55,Lewis Hamilton,1:39:40.382,2018 RACE RESULTS
Ferrari,08 Sep 2019,Italy,53,Charles Leclerc,1:15:26.665,2019 RACE RESULTS
Ferrari,22 Sep 2019,Singapore,61,Sebastian Vettel,1:58:33.667,2019 RACE RESULTS
Mercedes,29 Sep 2019,Russia,53,Lewis Hamilton,1:33:38.992,2019 RACE RESULTS
Mercedes,13 Oct 2019,Japan,52,Valtteri Bottas,1:21:46.755,2019 RACE RESULTS
Mercedes,27 Oct 2019,Mexico,71,Lewis Hamilton,1:36:48.904,2019 RACE RESULTS
Mercedes,03 Nov 2019,United States,56,Valtteri Bottas,1:33:55.653,2019 RACE RESULTS
Red Bull Racing Honda,17 Nov 2019,Brazil,71,Max Verstappen,1:33:14.678,2019 RACE RESULTS
Mercedes,01 Dec 2019,Abu Dhabi,55,Lewis Hamilton,1:34:05.715,2019 RACE RESULTS
Mercedes,20 Mar 2016,Australia,57,Nico Rosberg,1:48:15.565,2016 RACE RESULTS
Mercedes,03 Apr 2016,Bahrain,57,Nico Rosberg,1:33:34.696,2016 RACE RESULTS
Mercedes,17 Apr 2016,China,56,Nico Rosberg,1:38:53.891,2016 RACE RESULTS
Mercedes,01 May 2016,Russia,53,Nico Rosberg,1:32:41.997,2016 RACE RESULTS
Red Bull Racing TAG Heuer,15 May 2016,Spain,66,Max Verstappen,1:41:40.017,2016 RACE RESULTS
Mercedes,29 May 2016,Monaco,78,Lewis Hamilton,1:59:29.133,2016 RACE RESULTS
Mercedes,12 Jun 2016,Canada,70,Lewis Hamilton,1:31:05.296,2016 RACE RESULTS
Mercedes,19 Jun 2016,Europe,51,Nico Rosberg,1:32:52.366,2016 RACE RESULTS
Mercedes,03 Jul 2016,Austria,71,Lewis Hamilton,1:27:38.107,2016 RACE RESULTS
Mercedes,10 Jul 2016,Great Britain,52,Lewis Hamilton,1:34:55.831,2016 RACE RESULTS
Mercedes,24 Jul 2016,Hungary,70,Lewis Hamilton,1:40:30.115,2016 RACE RESULTS
Mercedes,31 Jul 2016,Germany,67,Lewis Hamilton,1:30:44.200,2016 RACE RESULTS
Mercedes,28 Aug 2016,Belgium,44,Nico Rosberg,1:44:51.058,2016 RACE RESULTS
Mercedes,04 Sep 2016,Italy,53,Nico Rosberg,1:17:28.089,2016 RACE RESULTS
Mercedes,18 Sep 2016,Singapore,61,Nico Rosberg,1:55:48.950,2016 RACE RESULTS
Red Bull Racing TAG Heuer,02 Oct 2016,Malaysia,56,Daniel Ricciardo,1:37:12.776,2016 RACE RESULTS
Mercedes,09 Oct 2016,Japan,53,Nico Rosberg,1:26:43.333,2016 RACE RESULTS
Ferrari,26 Mar 2017,Australia,57,Sebastian Vettel,1:24:11.672,2017 RACE RESULTS
Mercedes,09 Apr 2017,China,56,Lewis Hamilton,1:37:36.158,2017 RACE RESULTS
Ferrari,16 Apr 2017,Bahrain,57,Sebastian Vettel,1:33:53.374,2017 RACE RESULTS
Mercedes,30 Apr 2017,Russia,52,Valtteri Bottas,1:28:08.743,2017 RACE RESULTS
Mercedes,28 Mar 2021,Bahrain,56,Lewis Hamilton,1:32:03.897,2021 RACE RESULTS
Red Bull Racing Honda,18 Apr 2021,Emilia-Romagna,63,Max Verstappen,2:02:34.598,2021 RACE RESULTS
Mercedes,02 May 2021,Portugal,66,Lewis Hamilton,1:34:31.421,2021 RACE RESULTS
Mercedes,05 Jul 2020,Austria,71,Valtteri Bottas,1:30:55.739,2020 RACE RESULTS
Mercedes,12 Jul 2020,Styria,71,Lewis Hamilton,1:22:50.683,2020 RACE RESULTS
Mercedes,19 Jul 2020,Hungary,70,Lewis Hamilton,1:36:12.473,2020 RACE RESULTS
Mercedes,23 Oct 2016,United States,56,Lewis Hamilton,1:38:12.618,2016 RACE RESULTS
Mercedes,30 Oct 2016,Mexico,71,Lewis Hamilton,1:40:31.402,2016 RACE RESULTS
Mercedes,13 Nov 2016,Brazil,71,Lewis Hamilton,3:01:01.335,2016 RACE RESULTS
Mercedes,27 Nov 2016,Abu Dhabi,55,Lewis Hamilton,1:38:04.013,2016 RACE RESULTS
Mercedes,14 May 2017,Spain,66,Lewis Hamilton,1:35:56.497,2017 RACE RESULTS
Ferrari,28 May 2017,Monaco,78,Sebastian Vettel,1:44:44.340,2017 RACE RESULTS
Mercedes,11 Jun 2017,Canada,70,Lewis Hamilton,1:33:05.154,2017 RACE RESULTS
Red Bull Racing TAG Heuer,25 Jun 2017,Azerbaijan,51,Daniel Ricciardo,2:03:55.573,2017 RACE RESULTS
Mercedes,09 Jul 2017,Austria,71,Valtteri Bottas,1:21:48.523,2017 RACE RESULTS
Mercedes,16 Jul 2017,Great Britain,51,Lewis Hamilton,1:21:27.430,2017 RACE RESULTS
Ferrari,30 Jul 2017,Hungary,70,Sebastian Vettel,1:39:46.713,2017 RACE RESULTS
Mercedes,27 Aug 2017,Belgium,44,Lewis Hamilton,1:24:42.820,2017 RACE RESULTS
Mercedes,03 Sep 2017,Italy,53,Lewis Hamilton,1:15:32.312,2017 RACE RESULTS
Mercedes,17 Sep 2017,Singapore,58,Lewis Hamilton,2:03:23.544,2017 RACE RESULTS
Red Bull Racing TAG Heuer,01 Oct 2017,Malaysia,56,Max Verstappen,1:30:01.290,2017 RACE RESULTS
Mercedes,09 May 2021,Spain,66,Lewis Hamilton,1:33:07.680,2021 RACE RESULTS
Red Bull Racing Honda,23 May 2021,Monaco,78,Max Verstappen,1:38:56.820,2021 RACE RESULTS
Red Bull Racing Honda,06 Jun 2021,Azerbaijan,51,Sergio Perez,2:13:36.410,2021 RACE RESULTS
Red Bull Racing Honda,20 Jun 2021,France,53,Max Verstappen,1:27:25.770,2021 RACE RESULTS
Red Bull Racing Honda,27 Jun 2021,Styria,71,Max Verstappen,1:22:18.925,2021 RACE RESULTS
Red Bull Racing Honda,04 Jul 2021,Austria,71,Max Verstappen,1:23:54.543,2021 RACE RESULTS
Mercedes,18 Jul 2021,Great Britain,52,Lewis Hamilton,1:58:23.284,2021 RACE RESULTS
Alpine Renault,01 Aug 2021,Hungary,70,Esteban Ocon,2:04:43.199,2021 RACE RESULTS
Red Bull Racing Honda,29 Aug 2021,Belgium,1,Max Verstappen,3:27.071,2021 RACE RESULTS
Red Bull Racing Honda,05 Sep 2021,Netherlands,72,Max Verstappen,1:30:05.395,2021 RACE RESULTS
McLaren Mercedes,12 Sep 2021,Italy,53,Daniel Ricciardo,1:21:54.365,2021 RACE RESULTS
Mercedes,26 Sep 2021,Russia,53,Lewis Hamilton,1:30:41.001,2021 RACE RESULTS
Mercedes,10 Oct 2021,Turkey,58,Valtteri Bottas,1:31:04.103,2021 RACE RESULTS
Mercedes,02 Aug 2020,Great Britain,52,Lewis Hamilton,1:28:01.283,2020 RACE RESULTS
Red Bull Racing Honda,09 Aug 2020,70th Anniversary,52,Max Verstappen,1:19:41.993,2020 RACE RESULTS
Mercedes,16 Aug 2020,Spain,66,Lewis Hamilton,1:31:45.279,2020 RACE RESULTS
Mercedes,30 Aug 2020,Belgium,44,Lewis Hamilton,1:24:08.761,2020 RACE RESULTS
AlphaTauri Honda,06 Sep 2020,Italy,53,Pierre Gasly,1:47:06.056,2020 RACE RESULTS
Mercedes,13 Sep 2020,Tuscany,59,Lewis Hamilton,2:19:35.060,2020 RACE RESULTS
Mercedes,27 Sep 2020,Russia,53,Valtteri Bottas,1:34:00.364,2020 RACE RESULTS
Mercedes,11 Oct 2020,Eifel,60,Lewis Hamilton,1:35:49.641,2020 RACE RESULTS
Mercedes,25 Oct 2020,Portugal,66,Lewis Hamilton,1:29:56.828,2020 RACE RESULTS
Mercedes,01 Nov 2020,Emilia-Romagna,63,Lewis Hamilton,1:28:32.430,2020 RACE RESULTS
Mercedes,15 Nov 2020,Turkey,58,Lewis Hamilton,1:42:19.313,2020 RACE RESULTS
Alfa Romeo,13 May 1950,Great Britain,70,Nino Farina,2:13:23.600,1950 RACE RESULTS
Alfa Romeo,21 May 1950,Monaco,100,Juan Manuel Fangio,3:13:18.700,1950 RACE RESULTS
Kurtis Kraft Offenhauser,30 May 1950,Indianapolis,138,Johnnie  Parsons,2:46:55.970,1950 RACE RESULTS
Alfa Romeo,04 Jun 1950,Switzerland,42,Nino Farina,2:02:53.700,1950 RACE RESULTS
Alfa Romeo,18 Jun 1950,Belgium,35,Juan Manuel Fangio,2:47:26.000,1950 RACE RESULTS
Ferrari,18 May 1952,Switzerland,62,Piero  Taruffi,3:01:46.100,1952 RACE RESULTS
Kuzma Offenhauser,30 May 1952,Indianapolis,200,Troy Ruttman,3:52:41.880,1952 RACE RESULTS
Ferrari,22 Jun 1952,Belgium,36,Alberto Ascari,3:03:46.300,1952 RACE RESULTS
Ferrari,06 Jul 1952,France,77,Alberto Ascari,3:00:00.000,1952 RACE RESULTS
Ferrari,19 Jul 1952,Great Britain,85,Alberto Ascari,2:44:11.000,1952 RACE RESULTS
Ferrari,03 Aug 1952,Germany,18,Alberto Ascari,3:06:13.300,1952 RACE RESULTS
Maserati,17 Jan 1954,Argentina,87,Juan Manuel Fangio,3:00:55.800,1954 RACE RESULTS
Kurtis Kraft Offenhauser,31 May 1954,Indianapolis,200,Bill  Vukovich ,3:49:17.270,1954 RACE RESULTS
Maserati,20 Jun 1954,Belgium,36,Juan Manuel Fangio,2:44:42.400,1954 RACE RESULTS
Mercedes-Benz,04 Jul 1954,France,61,Juan Manuel Fangio,2:42:47.900,1954 RACE RESULTS
Ferrari,17 Jul 1954,Great Britain,90,Jose Froilan Gonzalez,2:56:14.000,1954 RACE RESULTS
Alfa Romeo,27 May 1951,Switzerland,42,Juan Manuel Fangio,2:07:53.640,1951 RACE RESULTS
Kurtis Kraft Offenhauser,30 May 1951,Indianapolis,200,Lee Wallard,3:57:38.050,1951 RACE RESULTS
Alfa Romeo,17 Jun 1951,Belgium,36,Nino Farina,2:45:46.200,1951 RACE RESULTS
Alfa Romeo,01 Jul 1951,France,77,Juan Manuel Fangio,3:22:11.000,1951 RACE RESULTS
Fagioli,01 Jul 1951,France,FAG,Luigi Fagioli,Alfa Romeo,1951 RACE RESULTS
Ferrari,14 Jul 1951,Great Britain,90,Jose Froilan Gonzalez,2:42:18.200,1951 RACE RESULTS
Mercedes-Benz,16 Jan 1955,Argentina,96,Juan Manuel Fangio,3:00:38.600,1955 RACE RESULTS
Ferrari,22 May 1955,Monaco,100,Maurice  Trintignant,2:58:09.700,1955 RACE RESULTS
Kurtis Kraft Offenhauser,30 May 1955,Indianapolis,200,Bob Sweikert,3:53:59.530,1955 RACE RESULTS
Mercedes-Benz,05 Jun 1955,Belgium,36,Juan Manuel Fangio,2:39:29.000,1955 RACE RESULTS
Mercedes-Benz,19 Jun 1955,Netherlands,100,Juan Manuel Fangio,2:54:23.800,1955 RACE RESULTS
Mercedes-Benz,16 Jul 1955,Great Britain,90,Stirling Moss,3:07:21.200,1955 RACE RESULTS
Ferrari,18 Jan 1953,Argentina,97,Alberto Ascari,3:01:04.600,1953 RACE RESULTS
Kurtis Kraft Offenhauser,30 May 1953,Indianapolis,200,Bill  Vukovich ,3:53:01.690,1953 RACE RESULTS
Ferrari,07 Jun 1953,Netherlands,90,Alberto Ascari,2:53:35.800,1953 RACE RESULTS
Ferrari,21 Jun 1953,Belgium,36,Alberto Ascari,2:48:30.300,1953 RACE RESULTS
Ferrari,05 Jul 1953,France,60,Mike Hawthorn,2:44:18.600,1953 RACE RESULTS
Mercedes,08 Oct 2017,Japan,53,Lewis Hamilton,1:27:31.194,2017 RACE RESULTS
Mercedes,22 Oct 2017,United States,56,Lewis Hamilton,1:33:50.991,2017 RACE RESULTS
Red Bull Racing TAG Heuer,29 Oct 2017,Mexico,71,Max Verstappen,1:36:26.552,2017 RACE RESULTS
Ferrari,12 Nov 2017,Brazil,71,Sebastian Vettel,1:31:26.262,2017 RACE RESULTS
Mercedes,26 Nov 2017,Abu Dhabi,55,Valtteri Bottas,1:34:14.062,2017 RACE RESULTS
Red Bull Racing Honda,24 Oct 2021,United States,56,Max Verstappen,1:34:36.552,2021 RACE RESULTS
Red Bull Racing Honda,07 Nov 2021,Mexico,71,Max Verstappen,1:38:39.086,2021 RACE RESULTS
Mercedes,14 Nov 2021,Brazil,71,Lewis Hamilton,1:32:22.851,2021 RACE RESULTS
Mercedes,21 Nov 2021,Qatar,57,Lewis Hamilton,1:24:28.471,2021 RACE RESULTS
Mercedes,05 Dec 2021,Saudi Arabia,50,Lewis Hamilton,2:06:15.118,2021 RACE RESULTS
Red Bull Racing Honda,12 Dec 2021,Abu Dhabi,58,Max Verstappen,1:30:17.345,2021 RACE RESULTS
Mercedes,29 Nov 2020,Bahrain,57,Lewis Hamilton,2:59:47.515,2020 RACE RESULTS
Racing Point BWT Mercedes,06 Dec 2020,Sakhir,87,Sergio Perez,1:31:15.114,2020 RACE RESULTS
Red Bull Racing Honda,13 Dec 2020,Abu Dhabi,55,Max Verstappen,1:36:28.645,2020 RACE RESULTS
Alfa Romeo,02 Jul 1950,France,64,Juan Manuel Fangio,2:57:52.800,1950 RACE RESULTS
Alfa Romeo,03 Sep 1950,Italy,80,Nino Farina,2:51:17.400,1950 RACE RESULTS
Ferrari,17 Aug 1952,Netherlands,90,Alberto Ascari,2:53:28.500,1952 RACE RESULTS
Ferrari,07 Sep 1952,Italy,80,Alberto Ascari,2:50:45.600,1952 RACE RESULTS
Mercedes-Benz,01 Aug 1954,Germany,22,Juan Manuel Fangio,3:45:45.800,1954 RACE RESULTS
Mercedes-Benz,22 Aug 1954,Switzerland,66,Juan Manuel Fangio,3:00:34.500,1954 RACE RESULTS
Mercedes-Benz,05 Sep 1954,Italy,80,Juan Manuel Fangio,2:47:47.900,1954 RACE RESULTS
Ferrari,24 Oct 1954,Spain,80,Mike Hawthorn,3:13:52.100,1954 RACE RESULTS
Ferrari,29 Jul 1951,Germany,20,Alberto Ascari,3:23:03.300,1951 RACE RESULTS
Ferrari,16 Sep 1951,Italy,80,Alberto Ascari,2:42:39.300,1951 RACE RESULTS
Alfa Romeo,28 Oct 1951,Spain,70,Juan Manuel Fangio,2:46:54.100,1951 RACE RESULTS
Mercedes-Benz,11 Sep 1955,Italy,50,Juan Manuel Fangio,2:25:04.400,1955 RACE RESULTS
Ferrari,18 Jul 1953,Great Britain,90,Alberto Ascari,2:50:00.000,1953 RACE RESULTS
Ferrari,02 Aug 1953,Germany,18,Nino Farina,3:02:25.000,1953 RACE RESULTS
Ferrari,23 Aug 1953,Switzerland,65,Alberto Ascari,3:01:34.400,1953 RACE RESULTS
Maserati,13 Sep 1953,Italy,80,Juan Manuel Fangio,2:49:45.900,1953 RACE RESULTS
Red Bull Racing Honda RBPT,05 Mar 2023,Bahrain,57,Max Verstappen,1:33:56.736,2023 RACE RESULTS
Red Bull Racing Honda RBPT,19 Mar 2023,Saudi Arabia,50,Sergio Perez,1:21:14.894,2023 RACE RESULTS
Red Bull Racing Honda RBPT,02 Apr 2023,Australia,58,Max Verstappen,2:32:38.371,2023 RACE RESULTS
Red Bull Racing Honda RBPT,30 Apr 2023,Azerbaijan,51,Sergio Perez,1:32:42.436,2023 RACE RESULTS
Ferrari,20 Mar 2022,Bahrain,57,Charles Leclerc,1:37:33.584,2022 RACE RESULTS
Red Bull Racing RBPT,27 Mar 2022,Saudi Arabia,50,Max Verstappen,1:24:19.293,2022 RACE RESULTS
Ferrari,10 Apr 2022,Australia,58,Charles Leclerc,1:27:46.548,2022 RACE RESULTS
Red Bull Racing RBPT,24 Apr 2022,Emilia-Romagna,63,Max Verstappen,1:32:07.986,2022 RACE RESULTS
Red Bull Racing RBPT,08 May 2022,Miami,57,Max Verstappen,1:34:24.258,2022 RACE RESULTS
Maserati,13 Jan 1957,Argentina,100,Juan Manuel Fangio,3:00:55.900,1957 RACE RESULTS
Maserati,19 May 1957,Monaco,105,Juan Manuel Fangio,3:10:12.800,1957 RACE RESULTS
Epperly Offenhauser,30 May 1957,Indianapolis,200,Sam Hanks,3:41:14.250,1957 RACE RESULTS
Maserati,07 Jul 1957,France,77,Juan Manuel Fangio,3:07:46.400,1957 RACE RESULTS
Musso,22 Jan 1956,Argentina,MUS,Luigi Musso,Ferrari,1956 RACE RESULTS
Ferrari,22 Jan 1956,Argentina,98,Juan Manuel Fangio,3:00:03.700,1956 RACE RESULTS
Maserati,13 May 1956,Monaco,100,Stirling Moss,3:00:32.900,1956 RACE RESULTS
Watson Offenhauser,30 May 1956,Indianapolis,200,Pat Flaherty,3:53:28.840,1956 RACE RESULTS
Ferrari,03 Jun 1956,Belgium,36,Peter Collins,2:40:00.300,1956 RACE RESULTS
Ferrari,01 Jul 1956,France,61,Peter Collins,2:34:23.400,1956 RACE RESULTS
Cooper Climax,10 May 1959,Monaco,100,Jack Brabham,2:55:51.300,1959 RACE RESULTS
Watson Offenhauser,30 May 1959,Indianapolis,200,Rodger Ward,3:40:49.200,1959 RACE RESULTS
BRM,31 May 1959,Netherlands,75,Jo Bonnier,2:05:26.800,1959 RACE RESULTS
Ferrari,05 Jul 1959,France,50,Tony Brooks,2:01:26.500,1959 RACE RESULTS
Cooper Climax,18 Jul 1959,Great Britain,75,Jack Brabham,2:30:11.600,1959 RACE RESULTS
Red Bull Racing Honda RBPT,07 May 2023,Miami,57,Max Verstappen,1:27:38.241,2023 RACE RESULTS
Red Bull Racing Honda RBPT,28 May 2023,Monaco,78,Max Verstappen,1:48:51.980,2023 RACE RESULTS
Red Bull Racing Honda RBPT,04 Jun 2023,Spain,66,Max Verstappen,1:27:57.940,2023 RACE RESULTS
Red Bull Racing Honda RBPT,18 Jun 2023,Canada,70,Max Verstappen,1:33:58.348,2023 RACE RESULTS
Red Bull Racing Honda RBPT,02 Jul 2023,Austria,71,Max Verstappen,1:25:33.607,2023 RACE RESULTS
Red Bull Racing Honda RBPT,09 Jul 2023,Great Britain,52,Max Verstappen,1:25:16.938,2023 RACE RESULTS
Red Bull Racing Honda RBPT,23 Jul 2023,Hungary,70,Max Verstappen,1:38:08.634,2023 RACE RESULTS
Red Bull Racing Honda RBPT,30 Jul 2023,Belgium,44,Max Verstappen,1:22:30.450,2023 RACE RESULTS
Red Bull Racing Honda RBPT,27 Aug 2023,Netherlands,72,Max Verstappen,2:24:04.411,2023 RACE RESULTS
Red Bull Racing Honda RBPT,03 Sep 2023,Italy,51,Max Verstappen,1:13:41.143,2023 RACE RESULTS
Ferrari,17 Sep 2023,Singapore,62,Carlos Sainz,1:46:37.418,2023 RACE RESULTS
Red Bull Racing Honda RBPT,24 Sep 2023,Japan,53,Max Verstappen,1:30:58.421,2023 RACE RESULTS
Red Bull Racing RBPT,22 May 2022,Spain,66,Max Verstappen,1:37:20.475,2022 RACE RESULTS
Red Bull Racing RBPT,29 May 2022,Monaco,64,Sergio Perez,1:56:30.265,2022 RACE RESULTS
Red Bull Racing RBPT,12 Jun 2022,Azerbaijan,51,Max Verstappen,1:34:05.941,2022 RACE RESULTS
Red Bull Racing RBPT,19 Jun 2022,Canada,70,Max Verstappen,1:36:21.757,2022 RACE RESULTS
Ferrari,03 Jul 2022,Great Britain,52,Carlos Sainz,2:17:50.311,2022 RACE RESULTS
Ferrari,10 Jul 2022,Austria,71,Charles Leclerc,1:24:24.312,2022 RACE RESULTS
Red Bull Racing RBPT,24 Jul 2022,France,53,Max Verstappen,1:30:02.112,2022 RACE RESULTS
Red Bull Racing RBPT,31 Jul 2022,Hungary,70,Max Verstappen,1:39:35.912,2022 RACE RESULTS
Red Bull Racing RBPT,28 Aug 2022,Belgium,44,Max Verstappen,1:25:52.894,2022 RACE RESULTS
Red Bull Racing RBPT,04 Sep 2022,Netherlands,72,Max Verstappen,1:36:42.773,2022 RACE RESULTS
Red Bull Racing RBPT,11 Sep 2022,Italy,53,Max Verstappen,1:20:27.511,2022 RACE RESULTS
Red Bull Racing RBPT,02 Oct 2022,Singapore,59,Sergio Perez,2:02:20.238,2022 RACE RESULTS
Brooks,20 Jul 1957,Great Britain,BRO,Tony Brooks,Vanwall,1957 RACE RESULTS
Vanwall,20 Jul 1957,Great Britain,90,Stirling Moss,3:06:37.800,1957 RACE RESULTS
Maserati,04 Aug 1957,Germany,22,Juan Manuel Fangio,3:30:38.300,1957 RACE RESULTS
Vanwall,18 Aug 1957,Pescara,18,Stirling Moss,2:59:22.700,1957 RACE RESULTS
Vanwall,08 Sep 1957,Italy,87,Stirling Moss,2:35:03.900,1957 RACE RESULTS
Ferrari,14 Jul 1956,Great Britain,101,Juan Manuel Fangio,2:59:47.000,1956 RACE RESULTS
Ferrari,05 Aug 1956,Germany,22,Juan Manuel Fangio,3:38:43.700,1956 RACE RESULTS
Maserati,02 Sep 1956,Italy,50,Stirling Moss,2:23:41.300,1956 RACE RESULTS
Ferrari,02 Aug 1959,Germany,60,Tony Brooks,2:09:31.600,1959 RACE RESULTS
Cooper Climax,23 Aug 1959,Portugal,62,Stirling Moss,2:11:55.410,1959 RACE RESULTS
Cooper Climax,13 Sep 1959,Italy,72,Stirling Moss,2:04:05.400,1959 RACE RESULTS
Cooper Climax,12 Dec 1959,United States,42,Bruce McLaren,2:12:35.700,1959 RACE RESULTS
Cooper Climax,19 Jan 1958,Argentina,80,Stirling Moss,2:19:33.700,1958 RACE RESULTS
Cooper Climax,18 May 1958,Monaco,100,Maurice  Trintignant,2:52:27.900,1958 RACE RESULTS
Vanwall,26 May 1958,Netherlands,75,Stirling Moss,2:04:49.200,1958 RACE RESULTS
Cooper Climax,07 Feb 1960,Argentina,80,Bruce McLaren,2:17:49.500,1960 RACE RESULTS
Lotus Climax,29 May 1960,Monaco,100,Stirling Moss,2:53:45.500,1960 RACE RESULTS
Watson Offenhauser,30 May 1960,Indianapolis,200,Jim Rathmann,3:36:11.360,1960 RACE RESULTS
Cooper Climax,06 Jun 1960,Netherlands,75,Jack Brabham,2:01:47.200,1960 RACE RESULTS
Cooper Climax,19 Jun 1960,Belgium,36,Jack Brabham,2:21:37.300,1960 RACE RESULTS
Cooper Climax,03 Jul 1960,France,50,Jack Brabham,1:57:24.900,1960 RACE RESULTS
Lotus Climax,14 May 1961,Monaco,100,Stirling Moss,2:45:50.100,1961 RACE RESULTS
Ferrari,22 May 1961,Netherlands,75,Wolfgang von Trips,2:01:52.100,1961 RACE RESULTS
Ferrari,18 Jun 1961,Belgium,30,Phil Hill,2:03:03.800,1961 RACE RESULTS
Ferrari,02 Jul 1961,France,52,Giancarlo Baghetti,2:14:17.500,1961 RACE RESULTS
Ferrari,15 Jul 1961,Great Britain,75,Wolfgang von Trips,2:40:53.600,1961 RACE RESULTS
Red Bull Racing Honda RBPT,08 Oct 2023,Qatar,57,Max Verstappen,1:27:39.168,2023 RACE RESULTS
Red Bull Racing Honda RBPT,22 Oct 2023,United States,56,Max Verstappen,1:35:21.362,2023 RACE RESULTS
Red Bull Racing Honda RBPT,29 Oct 2023,Mexico,71,Max Verstappen,2:02:30.814,2023 RACE RESULTS
Red Bull Racing Honda RBPT,05 Nov 2023,Brazil,71,Max Verstappen,1:56:48.894,2023 RACE RESULTS
Red Bull Racing Honda RBPT,18 Nov 2023,Las Vegas,50,Max Verstappen,1:29:08.289,2023 RACE RESULTS
Red Bull Racing Honda RBPT,26 Nov 2023,Abu Dhabi,58,Max Verstappen,1:27:02.624,2023 RACE RESULTS
Red Bull Racing RBPT,09 Oct 2022,Japan,28,Max Verstappen,3:01:44.004,2022 RACE RESULTS
Red Bull Racing RBPT,23 Oct 2022,United States,56,Max Verstappen,1:42:11.687,2022 RACE RESULTS
Red Bull Racing RBPT,30 Oct 2022,Mexico,71,Max Verstappen,1:38:36.729,2022 RACE RESULTS
Mercedes,13 Nov 2022,Brazil,71,George Russell,1:38:34.044,2022 RACE RESULTS
Red Bull Racing RBPT,20 Nov 2022,Abu Dhabi,58,Max Verstappen,1:27:45.914,2022 RACE RESULTS
Epperly Offenhauser,30 May 1958,Indianapolis,200,Jimmy Bryan,3:44:13.800,1958 RACE RESULTS
Vanwall,15 Jun 1958,Belgium,24,Tony Brooks,1:37:06.300,1958 RACE RESULTS
Ferrari,06 Jul 1958,France,50,Mike Hawthorn,2:03:21.300,1958 RACE RESULTS
Ferrari,19 Jul 1958,Great Britain,75,Peter Collins,2:09:04.200,1958 RACE RESULTS
Vanwall,03 Aug 1958,Germany,15,Tony Brooks,2:21:15.000,1958 RACE RESULTS
Vanwall,24 Aug 1958,Portugal,50,Stirling Moss,2:11:27.800,1958 RACE RESULTS
Vanwall,07 Sep 1958,Italy,70,Tony Brooks,2:03:47.800,1958 RACE RESULTS
Vanwall,19 Oct 1958,Morocco,53,Stirling Moss,2:09:15.100,1958 RACE RESULTS
Cooper Climax,16 Jul 1960,Great Britain,77,Jack Brabham,2:04:24.600,1960 RACE RESULTS
Cooper Climax,14 Aug 1960,Portugal,55,Jack Brabham,2:19:00.030,1960 RACE RESULTS
Ferrari,04 Sep 1960,Italy,50,Phil Hill,2:21:09.200,1960 RACE RESULTS
Lotus Climax,20 Nov 1960,United States,75,Stirling Moss,2:28:52.200,1960 RACE RESULTS
Lotus Climax,06 Aug 1961,Germany,15,Stirling Moss,2:18:12.400,1961 RACE RESULTS
Ferrari,10 Sep 1961,Italy,43,Phil Hill,2:03:13.000,1961 RACE RESULTS
Lotus Climax,08 Oct 1961,United States,100,Innes Ireland,2:13:45.800,1961 RACE RESULTS
Lotus Climax,01 Jan 1965,South Africa,85,Jim Clark,2:06:46.000,1965 RACE RESULTS
BRM,30 May 1965,Monaco,100,Graham Hill,2:37:39.600,1965 RACE RESULTS
Lotus Climax,13 Jun 1965,Belgium,32,Jim Clark,2:23:34.800,1965 RACE RESULTS
Lotus Climax,27 Jun 1965,France,40,Jim Clark,2:14:38.400,1965 RACE RESULTS
BRM,26 May 1963,Monaco,100,Graham Hill,2:41:49.700,1963 RACE RESULTS
Lotus Climax,09 Jun 1963,Belgium,32,Jim Clark,2:27:47.600,1963 RACE RESULTS
Lotus Climax,23 Jun 1963,Netherlands,80,Jim Clark,2:08:13.700,1963 RACE RESULTS
Lotus Climax,30 Jun 1963,France,53,Jim Clark,2:10:54.300,1963 RACE RESULTS
BRM,20 May 1962,Netherlands,80,Graham Hill,2:11:02.100,1962 RACE RESULTS
Cooper Climax,03 Jun 1962,Monaco,100,Bruce McLaren,2:46:29.700,1962 RACE RESULTS
Lotus Ford,01 Jan 1968,South Africa,80,Jim Clark,1:53:56.600,1968 RACE RESULTS
Lotus Ford,12 May 1968,Spain,90,Graham Hill,2:15:20.100,1968 RACE RESULTS
Lotus Ford,26 May 1968,Monaco,80,Graham Hill,2:00:32.300,1968 RACE RESULTS
McLaren Ford,09 Jun 1968,Belgium,28,Bruce McLaren,1:40:02.100,1968 RACE RESULTS
Cooper Maserati,02 Jan 1967,South Africa,80,Pedro Rodriguez,2:05:45.900,1967 RACE RESULTS
Brabham Repco,07 May 1967,Monaco,100,Denny Hulme,2:34:34.300,1967 RACE RESULTS
BRM,10 May 1964,Monaco,100,Graham Hill,2:41:19.500,1964 RACE RESULTS
Lotus Climax,24 May 1964,Netherlands,80,Jim Clark,2:07:35.400,1964 RACE RESULTS
Lotus Climax,14 Jun 1964,Belgium,32,Jim Clark,2:06:40.500,1964 RACE RESULTS
Brabham Climax,28 Jun 1964,France,57,Dan Gurney,2:07:49.100,1964 RACE RESULTS
BRM,22 May 1966,Monaco,100,Jackie Stewart,2:33:10.500,1966 RACE RESULTS
Ferrari,12 Jun 1966,Belgium,28,John Surtees,2:09:11.300,1966 RACE RESULTS
Brabham Repco,03 Jul 1966,France,48,Jack Brabham,1:48:31.300,1966 RACE RESULTS
Brabham Repco,16 Jul 1966,Great Britain,80,Jack Brabham,2:13:13.400,1966 RACE RESULTS
Brabham Repco,24 Jul 1966,Netherlands,90,Jack Brabham,2:20:32.500,1966 RACE RESULTS
Matra Ford,01 Mar 1969,South Africa,80,Jackie Stewart,1:50:39.100,1969 RACE RESULTS
Matra Ford,04 May 1969,Spain,90,Jackie Stewart,2:16:53.990,1969 RACE RESULTS
Lotus Ford,18 May 1969,Monaco,80,Graham Hill,1:56:59.400,1969 RACE RESULTS
Matra Ford,21 Jun 1969,Netherlands,90,Jackie Stewart,2:06:42.080,1969 RACE RESULTS
Lotus Climax,10 Jul 1965,Great Britain,80,Jim Clark,2:05:25.400,1965 RACE RESULTS
Lotus Climax,18 Jul 1965,Netherlands,80,Jim Clark,2:03:59.100,1965 RACE RESULTS
Lotus Climax,01 Aug 1965,Germany,15,Jim Clark,2:07:52.400,1965 RACE RESULTS
BRM,12 Sep 1965,Italy,76,Jackie Stewart,2:04:52.800,1965 RACE RESULTS
BRM,03 Oct 1965,United States,110,Graham Hill,2:20:36.100,1965 RACE RESULTS
Honda,24 Oct 1965,Mexico,65,Richie Ginther,2:08:32.100,1965 RACE RESULTS
Lotus Climax,20 Jul 1963,Great Britain,82,Jim Clark,2:14:09.600,1963 RACE RESULTS
Ferrari,04 Aug 1963,Germany,15,John Surtees,2:13:06.800,1963 RACE RESULTS
Lotus Climax,08 Sep 1963,Italy,86,Jim Clark,2:24:19.600,1963 RACE RESULTS
BRM,06 Oct 1963,United States,110,Graham Hill,2:19:22.100,1963 RACE RESULTS
Lotus Climax,27 Oct 1963,Mexico,65,Jim Clark,2:09:52.100,1963 RACE RESULTS
Lotus Climax,28 Dec 1963,South Africa,85,Jim Clark,2:10:36.900,1963 RACE RESULTS
Lotus Climax,17 Jun 1962,Belgium,32,Jim Clark,2:07:32.300,1962 RACE RESULTS
Porsche,08 Jul 1962,France,54,Dan Gurney,2:07:35.500,1962 RACE RESULTS
Lotus Climax,21 Jul 1962,Great Britain,75,Jim Clark,2:26:20.800,1962 RACE RESULTS
BRM,05 Aug 1962,Germany,15,Graham Hill,2:38:45.300,1962 RACE RESULTS
BRM,16 Sep 1962,Italy,86,Graham Hill,2:29:08.400,1962 RACE RESULTS
Lotus Climax,07 Oct 1962,United States,100,Jim Clark,2:07:13.000,1962 RACE RESULTS
BRM,29 Dec 1962,South Africa,82,Graham Hill,2:08:03.300,1962 RACE RESULTS
Matra Ford,23 Jun 1968,Netherlands,90,Jackie Stewart,2:46:11.260,1968 RACE RESULTS
Ferrari,07 Jul 1968,France,60,Jacky Ickx,2:25:40.900,1968 RACE RESULTS
Lotus Ford,20 Jul 1968,Great Britain,80,Jo Siffert,2:01:20.300,1968 RACE RESULTS
Matra Ford,04 Aug 1968,Germany,14,Jackie Stewart,2:19:03.200,1968 RACE RESULTS
McLaren Ford,08 Sep 1968,Italy,68,Denny Hulme,1:40:14.800,1968 RACE RESULTS
McLaren Ford,22 Sep 1968,Canada,90,Denny Hulme,2:27:11.200,1968 RACE RESULTS
Matra Ford,06 Oct 1968,United States,108,Jackie Stewart,1:59:20.290,1968 RACE RESULTS
Lotus Ford,03 Nov 1968,Mexico,65,Graham Hill,1:56:43.950,1968 RACE RESULTS
Lotus Ford,04 Jun 1967,Netherlands,90,Jim Clark,2:14:45.100,1967 RACE RESULTS
Eagle Weslake,18 Jun 1967,Belgium,28,Dan Gurney,1:40:49.400,1967 RACE RESULTS
Brabham Repco,02 Jul 1967,France,80,Jack Brabham,2:13:21.300,1967 RACE RESULTS
Lotus Ford,15 Jul 1967,Great Britain,80,Jim Clark,1:59:25.600,1967 RACE RESULTS
Brabham Repco,06 Aug 1967,Germany,15,Denny Hulme,2:05:55.700,1967 RACE RESULTS
Brabham Repco,27 Aug 1967,Canada,90,Jack Brabham,2:40:40.000,1967 RACE RESULTS
Honda,10 Sep 1967,Italy,68,John Surtees,1:43:45.000,1967 RACE RESULTS
Lotus Ford,01 Oct 1967,United States,108,Jim Clark,2:03:13.200,1967 RACE RESULTS
Lotus Ford,22 Oct 1967,Mexico,65,Jim Clark,1:59:28.700,1967 RACE RESULTS
Lotus Climax,11 Jul 1964,Great Britain,80,Jim Clark,2:15:07.000,1964 RACE RESULTS
Ferrari,02 Aug 1964,Germany,15,John Surtees,2:12:04.800,1964 RACE RESULTS
Ferrari,23 Aug 1964,Austria,105,Lorenzo Bandini,2:06:18.230,1964 RACE RESULTS
Ferrari,06 Sep 1964,Italy,78,John Surtees,2:10:51.800,1964 RACE RESULTS
BRM,04 Oct 1964,United States,110,Graham Hill,2:16:38.000,1964 RACE RESULTS
Brabham Climax,25 Oct 1964,Mexico,65,Dan Gurney,2:09:50.320,1964 RACE RESULTS
Brabham Repco,07 Aug 1966,Germany,15,Jack Brabham,2:27:03.000,1966 RACE RESULTS
Ferrari,04 Sep 1966,Italy,68,Ludovico Scarfiotti,1:47:14.800,1966 RACE RESULTS
Lotus BRM,02 Oct 1966,United States,108,Jim Clark,2:09:40.100,1966 RACE RESULTS
Cooper Maserati,23 Oct 1966,Mexico,65,John Surtees,2:06:35.340,1966 RACE RESULTS
Matra Ford,06 Jul 1969,France,38,Jackie Stewart,1:56:47.400,1969 RACE RESULTS
Matra Ford,19 Jul 1969,Great Britain,84,Jackie Stewart,1:55:55.600,1969 RACE RESULTS
Brabham Ford,03 Aug 1969,Germany,14,Jacky Ickx,1:49:55.400,1969 RACE RESULTS
Matra Ford,07 Sep 1969,Italy,68,Jackie Stewart,1:39:11.260,1969 RACE RESULTS
Brabham Ford,20 Sep 1969,Canada,90,Jacky Ickx,1:59:25.700,1969 RACE RESULTS
Lotus Ford,05 Oct 1969,United States,108,Jochen Rindt,1:57:56.840,1969 RACE RESULTS
McLaren Ford,19 Oct 1969,Mexico,65,Denny Hulme,1:54:08.800,1969 RACE RESULTS
Tyrrell Ford,23 Jan 1972,Argentina,95,Jackie Stewart,1:57:58.820,1972 RACE RESULTS
McLaren Ford,04 Mar 1972,South Africa,79,Denny Hulme,1:45:49.100,1972 RACE RESULTS
Lotus Ford,01 May 1972,Spain,90,Emerson Fittipaldi,2:03:41.230,1972 RACE RESULTS
Lotus Ford,28 Jan 1973,Argentina,96,Emerson Fittipaldi,1:56:18.220,1973 RACE RESULTS
Lotus Ford,11 Feb 1973,Brazil,40,Emerson Fittipaldi,1:43:55.600,1973 RACE RESULTS
Tyrrell Ford,03 Mar 1973,South Africa,79,Jackie Stewart,1:43:11.070,1973 RACE RESULTS
McLaren Ford,13 Jan 1974,Argentina,53,Denny Hulme,1:41:02.010,1974 RACE RESULTS
McLaren Ford,27 Jan 1974,Brazil,32,Emerson Fittipaldi,1:24:37.060,1974 RACE RESULTS
Brabham Ford,30 Mar 1974,South Africa,78,Carlos Reutemann,1:42:40.960,1974 RACE RESULTS
Ferrari,28 Apr 1974,Spain,84,Niki Lauda,2:00:29.560,1974 RACE RESULTS
BRM,14 May 1972,Monaco,80,Jean-Pierre Beltoise,2:26:54.700,1972 RACE RESULTS
Lotus Ford,04 Jun 1972,Belgium,85,Emerson Fittipaldi,1:44:06.700,1972 RACE RESULTS
Tyrrell Ford,02 Jul 1972,France,38,Jackie Stewart,1:52:21.500,1972 RACE RESULTS
Lotus Ford,15 Jul 1972,Great Britain,76,Emerson Fittipaldi,1:47:50.200,1972 RACE RESULTS
Ferrari,30 Jul 1972,Germany,14,Jacky Ickx,1:42:12.300,1972 RACE RESULTS
Lotus Ford,13 Aug 1972,Austria,54,Emerson Fittipaldi,1:29:16.660,1972 RACE RESULTS
Lotus Ford,10 Sep 1972,Italy,55,Emerson Fittipaldi,1:29:58.400,1972 RACE RESULTS
Tyrrell Ford,24 Sep 1972,Canada,80,Jackie Stewart,1:43:16.900,1972 RACE RESULTS
Tyrrell Ford,08 Oct 1972,United States,59,Jackie Stewart,1:41:45.354,1972 RACE RESULTS
Lotus Ford,29 Apr 1973,Spain,75,Emerson Fittipaldi,1:48:18.700,1973 RACE RESULTS
Tyrrell Ford,20 May 1973,Belgium,70,Jackie Stewart,1:42:13.430,1973 RACE RESULTS
Tyrrell Ford,03 Jun 1973,Monaco,78,Jackie Stewart,1:57:44.300,1973 RACE RESULTS
McLaren Ford,17 Jun 1973,Sweden,80,Denny Hulme,1:56:46.049,1973 RACE RESULTS
Lotus Ford,01 Jul 1973,France,54,Ronnie Peterson,1:41:36.520,1973 RACE RESULTS
McLaren Ford,14 Jul 1973,Great Britain,67,Peter   Revson,1:29:18.500,1973 RACE RESULTS
Tyrrell Ford,29 Jul 1973,Netherlands,72,Jackie Stewart,1:39:12.450,1973 RACE RESULTS
Tyrrell Ford,05 Aug 1973,Germany,14,Jackie Stewart,1:42:03.000,1973 RACE RESULTS
Lotus Ford,19 Aug 1973,Austria,54,Ronnie Peterson,1:28:48.780,1973 RACE RESULTS
Lotus Ford,09 Sep 1973,Italy,55,Ronnie Peterson,1:29:17.000,1973 RACE RESULTS
McLaren Ford,23 Sep 1973,Canada,80,Peter   Revson,1:59:04.083,1973 RACE RESULTS
Lotus Ford,07 Oct 1973,United States,59,Ronnie Peterson,1:41:15.799,1973 RACE RESULTS
McLaren Ford,12 May 1974,Belgium,85,Emerson Fittipaldi,1:44:20.570,1974 RACE RESULTS
Lotus Ford,26 May 1974,Monaco,78,Ronnie Peterson,1:58:03.700,1974 RACE RESULTS
Tyrrell Ford,09 Jun 1974,Sweden,80,Jody Scheckter,1:58:31.391,1974 RACE RESULTS
Ferrari,23 Jun 1974,Netherlands,75,Niki Lauda,1:43:00.350,1974 RACE RESULTS
Lotus Ford,07 Jul 1974,France,80,Ronnie Peterson,1:21:55.020,1974 RACE RESULTS
Tyrrell Ford,20 Jul 1974,Great Britain,75,Jody Scheckter,1:43:02.200,1974 RACE RESULTS
Ferrari,04 Aug 1974,Germany,14,Clay Regazzoni,1:41:35.000,1974 RACE RESULTS
Brabham Ford,18 Aug 1974,Austria,54,Carlos Reutemann,1:28:44.720,1974 RACE RESULTS
Lotus Ford,08 Sep 1974,Italy,52,Ronnie Peterson,1:22:56.600,1974 RACE RESULTS
McLaren Ford,22 Sep 1974,Canada,80,Emerson Fittipaldi,1:40:26.136,1974 RACE RESULTS
Brabham Ford,06 Oct 1974,United States,59,Carlos Reutemann,1:40:21.439,1974 RACE RESULTS
McLaren Ford,12 Jan 1975,Argentina,53,Emerson Fittipaldi,1:39:26.290,1975 RACE RESULTS
Brabham Ford,26 Jan 1975,Brazil,40,Carlos Pace,1:44:41.170,1975 RACE RESULTS
Tyrrell Ford,01 Mar 1975,South Africa,78,Jody Scheckter,1:43:16.900,1975 RACE RESULTS
McLaren Ford,27 Apr 1975,Spain,29,Jochen Mass,42:53.700,1975 RACE RESULTS
Ferrari,11 May 1975,Monaco,75,Niki Lauda,2:01:21.310,1975 RACE RESULTS
Ferrari,25 May 1975,Belgium,70,Niki Lauda,1:43:53.980,1975 RACE RESULTS
Ferrari,08 Jun 1975,Sweden,80,Niki Lauda,1:59:18.319,1975 RACE RESULTS
Hesketh Ford,22 Jun 1975,Netherlands,75,James Hunt,1:46:57.400,1975 RACE RESULTS
Ferrari,06 Jul 1975,France,54,Niki Lauda,1:40:18.840,1975 RACE RESULTS
McLaren Ford,19 Jul 1975,Great Britain,56,Emerson Fittipaldi,1:22:05.000,1975 RACE RESULTS
Brabham Ford,03 Aug 1975,Germany,14,Carlos Reutemann,1:41:14.100,1975 RACE RESULTS
March Ford,17 Aug 1975,Austria,29,Vittorio Brambilla,57:56.690,1975 RACE RESULTS
Ferrari,25 Jan 1976,Brazil,40,Niki Lauda,1:45:16.780,1976 RACE RESULTS
Ferrari,06 Mar 1976,South Africa,78,Niki Lauda,1:42:18.400,1976 RACE RESULTS
Ferrari,28 Mar 1976,USA West,80,Clay Regazzoni,1:53:18.471,1976 RACE RESULTS
McLaren Ford,02 May 1976,Spain,75,James Hunt,1:42:20.430,1976 RACE RESULTS
Ferrari,16 May 1976,Belgium,70,Niki Lauda,1:42:53.230,1976 RACE RESULTS
Wolf Ford,09 Jan 1977,Argentina,53,Jody Scheckter,1:40:11.190,1977 RACE RESULTS
Ferrari,23 Jan 1977,Brazil,40,Carlos Reutemann,1:45:07.720,1977 RACE RESULTS
Ferrari,05 Mar 1977,South Africa,78,Niki Lauda,1:42:21.600,1977 RACE RESULTS
Lotus Ford,03 Apr 1977,USA West,80,Mario Andretti,1:51:35.470,1977 RACE RESULTS
Lotus Ford,08 May 1977,Spain,75,Mario Andretti,1:42:52.220,1977 RACE RESULTS
Ferrari,06 Mar 1971,South Africa,79,Mario Andretti,1:47:35.500,1971 RACE RESULTS
Tyrrell Ford,18 Apr 1971,Spain,75,Jackie Stewart,1:49:03.400,1971 RACE RESULTS
Tyrrell Ford,23 May 1971,Monaco,80,Jackie Stewart,1:52:21.300,1971 RACE RESULTS
Ferrari,20 Jun 1971,Netherlands,70,Jacky Ickx,1:56:20.090,1971 RACE RESULTS
Tyrrell Ford,04 Jul 1971,France,55,Jackie Stewart,1:46:41.680,1971 RACE RESULTS
Brabham Ford,07 Mar 1970,South Africa,80,Jack Brabham,1:49:34.600,1970 RACE RESULTS
March Ford,19 Apr 1970,Spain,90,Jackie Stewart,2:10:58.200,1970 RACE RESULTS
Lotus Ford,10 May 1970,Monaco,80,Jochen Rindt,1:54:36.600,1970 RACE RESULTS
BRM,07 Jun 1970,Belgium,28,Pedro Rodriguez,1:38:09.900,1970 RACE RESULTS
Lotus Ford,15 Jan 1978,Argentina,52,Mario Andretti,1:37:04.470,1978 RACE RESULTS
Ferrari,29 Jan 1978,Brazil,63,Carlos Reutemann,1:49:59.860,1978 RACE RESULTS
Lotus Ford,04 Mar 1978,South Africa,78,Ronnie Peterson,1:42:15.767,1978 RACE RESULTS
Ferrari,02 Apr 1978,USA West,80,Carlos Reutemann,1:52:01.301,1978 RACE RESULTS
McLaren TAG,25 Mar 1984,Brazil,61,Alain Prost,1:42:34.492,1984 RACE RESULTS
McLaren TAG,07 Apr 1984,South Africa,75,Niki Lauda,1:29:23.430,1984 RACE RESULTS
Ferrari,29 Apr 1984,Belgium,70,Michele Alboreto,1:36:32.048,1984 RACE RESULTS
McLaren TAG,06 May 1984,San Marino,60,Alain Prost,1:36:53.679,1984 RACE RESULTS
McLaren TAG,07 Apr 1985,Brazil,61,Alain Prost,1:41:26.115,1985 RACE RESULTS
Lotus Renault,21 Apr 1985,Portugal,67,Ayrton Senna,2:00:28.006,1985 RACE RESULTS
Lotus Renault,05 May 1985,San Marino,60,Elio de Angelis,1:34:35.955,1985 RACE RESULTS
McLaren TAG,19 May 1985,Monaco,78,Alain Prost,1:51:58.034,1985 RACE RESULTS
Ferrari,07 Sep 1975,Italy,52,Clay Regazzoni,1:22:42.600,1975 RACE RESULTS
Ferrari,05 Oct 1975,United States,59,Niki Lauda,1:42:58.175,1975 RACE RESULTS
Ferrari,30 May 1976,Monaco,78,Niki Lauda,1:59:51.470,1976 RACE RESULTS
Tyrrell Ford,13 Jun 1976,Sweden,72,Jody Scheckter,1:46:53.729,1976 RACE RESULTS
McLaren Ford,04 Jul 1976,France,54,James Hunt,1:40:58.600,1976 RACE RESULTS
Ferrari,18 Jul 1976,Great Britain,76,Niki Lauda,1:44:19.660,1976 RACE RESULTS
McLaren Ford,01 Aug 1976,Germany,14,James Hunt,1:41:42.700,1976 RACE RESULTS
Penske Ford,15 Aug 1976,Austria,54,John Watson,1:30:07.860,1976 RACE RESULTS
McLaren Ford,29 Aug 1976,Netherlands,75,James Hunt,1:44:52.090,1976 RACE RESULTS
March Ford,12 Sep 1976,Italy,52,Ronnie Peterson,1:30:35.600,1976 RACE RESULTS
McLaren Ford,03 Oct 1976,Canada,80,James Hunt,1:40:09.626,1976 RACE RESULTS
McLaren Ford,10 Oct 1976,USA East,59,James Hunt,1:42:40.741,1976 RACE RESULTS
Lotus Ford,24 Oct 1976,Japan,73,Mario Andretti,1:43:58.860,1976 RACE RESULTS
Wolf Ford,22 May 1977,Monaco,76,Jody Scheckter,1:57:52.770,1977 RACE RESULTS
Lotus Ford,05 Jun 1977,Belgium,70,Gunnar Nilsson,1:55:05.710,1977 RACE RESULTS
Ligier Matra,19 Jun 1977,Sweden,72,Jacques Laffite,1:46:55.520,1977 RACE RESULTS
Lotus Ford,03 Jul 1977,France,80,Mario Andretti,1:39:40.130,1977 RACE RESULTS
McLaren Ford,16 Jul 1977,Great Britain,68,James Hunt,1:31:46.060,1977 RACE RESULTS
Ferrari,31 Jul 1977,Germany,47,Niki Lauda,1:31:48.620,1977 RACE RESULTS
Shadow Ford,14 Aug 1977,Austria,54,Alan  Jones,1:37:16.490,1977 RACE RESULTS
Ferrari,28 Aug 1977,Netherlands,75,Niki Lauda,1:41:45.930,1977 RACE RESULTS
Lotus Ford,11 Sep 1977,Italy,52,Mario Andretti,1:27:50.300,1977 RACE RESULTS
McLaren Ford,02 Oct 1977,USA East,59,James Hunt,1:58:23.267,1977 RACE RESULTS
Wolf Ford,09 Oct 1977,Canada,80,Jody Scheckter,1:40:00.000,1977 RACE RESULTS
Tyrrell Ford,17 Jul 1971,Great Britain,68,Jackie Stewart,1:31:31.500,1971 RACE RESULTS
Tyrrell Ford,01 Aug 1971,Germany,12,Jackie Stewart,1:29:15.700,1971 RACE RESULTS
BRM,15 Aug 1971,Austria,54,Jo Siffert,1:30:23.910,1971 RACE RESULTS
BRM,05 Sep 1971,Italy,55,Peter  Gethin ,1:18:12.600,1971 RACE RESULTS
Tyrrell Ford,19 Sep 1971,Canada,64,Jackie Stewart,1:55:12.900,1971 RACE RESULTS
Tyrrell Ford,03 Oct 1971,United States,59,Francois  Cevert ,1:43:51.991,1971 RACE RESULTS
Lotus Ford,21 Jun 1970,Netherlands,80,Jochen Rindt,1:50:43.410,1970 RACE RESULTS
Lotus Ford,05 Jul 1970,France,38,Jochen Rindt,1:55:57.000,1970 RACE RESULTS
Lotus Ford,18 Jul 1970,Great Britain,80,Jochen Rindt,1:57:02.000,1970 RACE RESULTS
Lotus Ford,02 Aug 1970,Germany,50,Jochen Rindt,1:42:00.300,1970 RACE RESULTS
Ferrari,16 Aug 1970,Austria,60,Jacky Ickx,1:42:17.320,1970 RACE RESULTS
Ferrari,06 Sep 1970,Italy,68,Clay Regazzoni,1:39:06.880,1970 RACE RESULTS
Ferrari,20 Sep 1970,Canada,90,Jacky Ickx,2:21:18.400,1970 RACE RESULTS
Lotus Ford,04 Oct 1970,United States,108,Emerson Fittipaldi,1:57:32.790,1970 RACE RESULTS
Ferrari,25 Oct 1970,Mexico,65,Jacky Ickx,1:53:28.360,1970 RACE RESULTS
Tyrrell Ford,07 May 1978,Monaco,75,Patrick Depailler,1:55:14.660,1978 RACE RESULTS
Lotus Ford,21 May 1978,Belgium,70,Mario Andretti,1:39:52.020,1978 RACE RESULTS
Lotus Ford,04 Jun 1978,Spain,75,Mario Andretti,1:41:47.060,1978 RACE RESULTS
Brabham Alfa Romeo,17 Jun 1978,Sweden,70,Niki Lauda,1:41:00.606,1978 RACE RESULTS
Lotus Ford,02 Jul 1978,France,54,Mario Andretti,1:38:51.920,1978 RACE RESULTS
Ferrari,16 Jul 1978,Great Britain,76,Carlos Reutemann,1:42:12.390,1978 RACE RESULTS
Lotus Ford,30 Jul 1978,Germany,45,Mario Andretti,1:28:00.900,1978 RACE RESULTS
Lotus Ford,13 Aug 1978,Austria,54,Ronnie Peterson,1:41:21.570,1978 RACE RESULTS
Lotus Ford,27 Aug 1978,Netherlands,75,Mario Andretti,1:41:04.230,1978 RACE RESULTS
Brabham Alfa Romeo,10 Sep 1978,Italy,40,Niki Lauda,1:07:04.540,1978 RACE RESULTS
Ferrari,01 Oct 1978,USA East,59,Carlos Reutemann,1:40:48.800,1978 RACE RESULTS
Ferrari,08 Oct 1978,Canada,70,Gilles Villeneuve,1:57:49.196,1978 RACE RESULTS
McLaren TAG,20 May 1984,France,79,Niki Lauda,1:31:11.951,1984 RACE RESULTS
McLaren TAG,03 Jun 1984,Monaco,31,Alain Prost,1:01:07.740,1984 RACE RESULTS
Brabham BMW,17 Jun 1984,Canada,70,Nelson Piquet,1:46:23.748,1984 RACE RESULTS
Brabham BMW,24 Jun 1984,Detroit,63,Nelson Piquet,1:55:41.842,1984 RACE RESULTS
Williams Honda,08 Jul 1984,Dallas,67,Keke Rosberg,2:01:22.617,1984 RACE RESULTS
McLaren TAG,22 Jul 1984,Great Britain,71,Niki Lauda,1:29:28.532,1984 RACE RESULTS
McLaren TAG,05 Aug 1984,Germany,44,Alain Prost,1:24:43.210,1984 RACE RESULTS
McLaren TAG,19 Aug 1984,Austria,51,Niki Lauda,1:21:12.851,1984 RACE RESULTS
McLaren TAG,26 Aug 1984,Netherlands,71,Alain Prost,1:37:21.468,1984 RACE RESULTS
McLaren TAG,09 Sep 1984,Italy,51,Niki Lauda,1:20:29.065,1984 RACE RESULTS
McLaren TAG,07 Oct 1984,Europe,67,Alain Prost,1:35:13.284,1984 RACE RESULTS
McLaren TAG,21 Oct 1984,Portugal,70,Alain Prost,1:41:11.753,1984 RACE RESULTS
Ferrari,16 Jun 1985,Canada,70,Michele Alboreto,1:46:01.813,1985 RACE RESULTS
Williams Honda,23 Jun 1985,Detroit,63,Keke Rosberg,1:55:39.851,1985 RACE RESULTS
Brabham BMW,07 Jul 1985,France,53,Nelson Piquet,1:31:46.266,1985 RACE RESULTS
McLaren TAG,21 Jul 1985,Great Britain,65,Alain Prost,1:18:10.436,1985 RACE RESULTS
Ferrari,04 Aug 1985,Germany,67,Michele Alboreto,1:35:31.337,1985 RACE RESULTS
McLaren TAG,18 Aug 1985,Austria,52,Alain Prost,1:20:12.583,1985 RACE RESULTS
McLaren TAG,25 Aug 1985,Netherlands,70,Niki Lauda,1:32:29.263,1985 RACE RESULTS
McLaren TAG,08 Sep 1985,Italy,51,Alain Prost,1:17:59.451,1985 RACE RESULTS
Lotus Renault,15 Sep 1985,Belgium,43,Ayrton Senna,1:34:19.893,1985 RACE RESULTS
Williams Honda,06 Oct 1985,Europe,75,Nigel Mansell,1:32:58.109,1985 RACE RESULTS
Williams Honda,19 Oct 1985,South Africa,75,Nigel Mansell,1:28:22.866,1985 RACE RESULTS
Williams Honda,03 Nov 1985,Australia,82,Keke Rosberg,2:00:40.473,1985 RACE RESULTS
Brabham BMW,13 Mar 1983,Brazil,63,Nelson Piquet,1:48:27.731,1983 RACE RESULTS
McLaren Ford,27 Mar 1983,USA West,75,John Watson,1:53:34.889,1983 RACE RESULTS
Renault,17 Apr 1983,France,54,Alain Prost,1:34:13.913,1983 RACE RESULTS
Ferrari,01 May 1983,San Marino,60,Patrick Tambay,1:37:52.460,1983 RACE RESULTS
Williams Ford,15 May 1983,Monaco,76,Keke Rosberg,1:56:38.121,1983 RACE RESULTS
Renault,23 Jan 1982,South Africa,77,Alain Prost,1:32:08.401,1982 RACE RESULTS
Renault,21 Mar 1982,Brazil,63,Alain Prost,1:44:33.134,1982 RACE RESULTS
McLaren Ford,04 Apr 1982,USA West,75,Niki Lauda,1:58:25.318,1982 RACE RESULTS
Ferrari,25 Apr 1982,San Marino,60,Didier Pironi,1:36:38.887,1982 RACE RESULTS
Williams Ford,13 Jan 1980,Argentina,53,Alan  Jones,1:43:24.380,1980 RACE RESULTS
Renault,27 Jan 1980,Brazil,40,Rene Arnoux,1:40:01.330,1980 RACE RESULTS
Renault,01 Mar 1980,South Africa,78,Rene Arnoux,1:36:52.540,1980 RACE RESULTS
Brabham Ford,30 Mar 1980,USA West,80,Nelson Piquet,1:50:18.550,1980 RACE RESULTS
Williams Ford,15 Mar 1981,USA West,80,Alan  Jones,1:50:41.330,1981 RACE RESULTS
Williams Ford,29 Mar 1981,Brazil,62,Carlos Reutemann,2:00:23.660,1981 RACE RESULTS
Brabham Ford,12 Apr 1981,Argentina,53,Nelson Piquet,1:34:32.740,1981 RACE RESULTS
Brabham Ford,03 May 1981,San Marino,60,Nelson Piquet,1:51:23.970,1981 RACE RESULTS
Ligier Ford,21 Jan 1979,Argentina,53,Jacques Laffite,1:36:03.210,1979 RACE RESULTS
Ligier Ford,04 Feb 1979,Brazil,40,Jacques Laffite,1:40:09.640,1979 RACE RESULTS
Ferrari,03 Mar 1979,South Africa,78,Gilles Villeneuve,1:41:49.960,1979 RACE RESULTS
McLaren Ford,23 Oct 1977,Japan,73,James Hunt,1:31:51.680,1977 RACE RESULTS
Renault,22 May 1983,Belgium,40,Alain Prost,1:27:11.502,1983 RACE RESULTS
Tyrrell Ford,05 Jun 1983,Detroit,60,Michele Alboreto,1:50:53.669,1983 RACE RESULTS
Ferrari,12 Jun 1983,Canada,70,Rene Arnoux,1:48:31.838,1983 RACE RESULTS
Renault,16 Jul 1983,Great Britain,67,Alain Prost,1:24:39.780,1983 RACE RESULTS
Ferrari,07 Aug 1983,Germany,45,Rene Arnoux,1:27:10.319,1983 RACE RESULTS
Renault,14 Aug 1983,Austria,53,Alain Prost,1:24:32.745,1983 RACE RESULTS
Ferrari,28 Aug 1983,Netherlands,72,Rene Arnoux,1:38:41.950,1983 RACE RESULTS
Brabham BMW,11 Sep 1983,Italy,52,Nelson Piquet,1:23:10.880,1983 RACE RESULTS
Brabham BMW,25 Sep 1983,Europe,76,Nelson Piquet,1:36:45.865,1983 RACE RESULTS
Brabham BMW,15 Oct 1983,South Africa,77,Riccardo Patrese,1:33:25.708,1983 RACE RESULTS
McLaren Ford,09 May 1982,Belgium,70,John Watson,1:35:41.995,1982 RACE RESULTS
Brabham Ford,23 May 1982,Monaco,76,Riccardo Patrese,1:54:11.259,1982 RACE RESULTS
McLaren Ford,06 Jun 1982,Detroit,62,John Watson,1:58:41.043,1982 RACE RESULTS
Brabham BMW,13 Jun 1982,Canada,70,Nelson Piquet,1:46:39.577,1982 RACE RESULTS
Ferrari,03 Jul 1982,Netherlands,72,Didier Pironi,1:38:03.254,1982 RACE RESULTS
McLaren Ford,18 Jul 1982,Great Britain,76,Niki Lauda,1:35:33.812,1982 RACE RESULTS
Renault,25 Jul 1982,France,54,Rene Arnoux,1:33:33.217,1982 RACE RESULTS
Ferrari,08 Aug 1982,Germany,45,Patrick Tambay,1:27:25.178,1982 RACE RESULTS
Lotus Ford,15 Aug 1982,Austria,53,Elio de Angelis,1:25:02.212,1982 RACE RESULTS
Williams Ford,29 Aug 1982,Switzerland,80,Keke Rosberg,1:32:41.087,1982 RACE RESULTS
Renault,12 Sep 1982,Italy,52,Rene Arnoux,1:22:25.734,1982 RACE RESULTS
Tyrrell Ford,25 Sep 1982,Caesar's Palace,75,Michele Alboreto,1:41:56.888,1982 RACE RESULTS
Ligier Ford,04 May 1980,Belgium,72,Didier Pironi,1:38:46.510,1980 RACE RESULTS
Williams Ford,18 May 1980,Monaco,76,Carlos Reutemann,1:55:34.365,1980 RACE RESULTS
Williams Ford,29 Jun 1980,France,54,Alan  Jones,1:32:43.420,1980 RACE RESULTS
Williams Ford,13 Jul 1980,Great Britain,76,Alan  Jones,1:34:49.228,1980 RACE RESULTS
Ligier Ford,10 Aug 1980,Germany,45,Jacques Laffite,1:22:59.730,1980 RACE RESULTS
Renault,17 Aug 1980,Austria,54,Jean-Pierre Jabouille,1:26:15.730,1980 RACE RESULTS
Brabham Ford,31 Aug 1980,Netherlands,72,Nelson Piquet,1:38:13.830,1980 RACE RESULTS
Brabham Ford,14 Sep 1980,Italy,60,Nelson Piquet,1:38:07.520,1980 RACE RESULTS
Williams Ford,28 Sep 1980,Canada,70,Alan  Jones,1:46:45.530,1980 RACE RESULTS
Williams Ford,05 Oct 1980,USA East,59,Alan  Jones,1:34:36.050,1980 RACE RESULTS
Williams Ford,17 May 1981,Belgium,54,Carlos Reutemann,1:16:31.610,1981 RACE RESULTS
Ferrari,31 May 1981,Monaco,76,Gilles Villeneuve,1:54:23.380,1981 RACE RESULTS
Ferrari,21 Jun 1981,Spain,80,Gilles Villeneuve,1:46:35.010,1981 RACE RESULTS
Renault,05 Jul 1981,France,80,Alain Prost,1:35:48.130,1981 RACE RESULTS
McLaren Ford,18 Jul 1981,Great Britain,68,John Watson,1:26:54.800,1981 RACE RESULTS
Brabham Ford,02 Aug 1981,Germany,45,Nelson Piquet,1:25:55.600,1981 RACE RESULTS
Ligier Matra,16 Aug 1981,Austria,53,Jacques Laffite,1:27:36.470,1981 RACE RESULTS
Renault,30 Aug 1981,Netherlands,72,Alain Prost,1:40:22.430,1981 RACE RESULTS
Renault,13 Sep 1981,Italy,52,Alain Prost,1:26:33.897,1981 RACE RESULTS
Ligier Matra,27 Sep 1981,Canada,63,Jacques Laffite,2:01:25.205,1981 RACE RESULTS
Williams Ford,17 Oct 1981,Caesar's Palace,75,Alan  Jones,1:44:09.077,1981 RACE RESULTS
Ferrari,08 Apr 1979,USA West,80,Gilles Villeneuve,1:50:25.400,1979 RACE RESULTS
Ligier Ford,29 Apr 1979,Spain,75,Patrick Depailler,1:39:11.840,1979 RACE RESULTS
Ferrari,13 May 1979,Belgium,70,Jody Scheckter,1:39:59.530,1979 RACE RESULTS
Ferrari,27 May 1979,Monaco,76,Jody Scheckter,1:55:22.480,1979 RACE RESULTS
Renault,01 Jul 1979,France,80,Jean-Pierre Jabouille,1:35:20.420,1979 RACE RESULTS
Williams Ford,14 Jul 1979,Great Britain,68,Clay Regazzoni,1:26:11.170,1979 RACE RESULTS
Williams Ford,29 Jul 1979,Germany,45,Alan  Jones,1:24:48.830,1979 RACE RESULTS
Williams Ford,12 Aug 1979,Austria,54,Alan  Jones,1:27:38.010,1979 RACE RESULTS
Williams Ford,26 Aug 1979,Netherlands,75,Alan  Jones,1:41:19.775,1979 RACE RESULTS
Ferrari,09 Sep 1979,Italy,50,Jody Scheckter,1:22:00.220,1979 RACE RESULTS
Williams Ford,30 Sep 1979,Canada,72,Alan  Jones,1:52:06.892,1979 RACE RESULTS
Ferrari,07 Oct 1979,USA East,59,Gilles Villeneuve,1:52:17.734,1979 RACE RESULTS
McLaren Honda,11 Mar 1990,United States,72,Ayrton Senna,1:52:32.829,1990 RACE RESULTS
McLaren TAG,12 Apr 1987,Brazil,61,Alain Prost,1:39:45.141,1987 RACE RESULTS
Williams Honda,03 May 1987,San Marino,59,Nigel Mansell,1:31:24.076,1987 RACE RESULTS
McLaren Honda,10 Mar 1991,United States,81,Ayrton Senna,2:00:47.828,1991 RACE RESULTS
McLaren Honda,24 Mar 1991,Brazil,71,Ayrton Senna,1:38:28.128,1991 RACE RESULTS
Ferrari,26 Mar 1989,Brazil,61,Nigel Mansell,1:38:58.744,1989 RACE RESULTS
McLaren Honda,23 Apr 1989,San Marino,58,Ayrton Senna,1:26:51.245,1989 RACE RESULTS
McLaren Honda,07 May 1989,Monaco,77,Ayrton Senna,1:53:33.251,1989 RACE RESULTS
McLaren Honda,28 May 1989,Mexico,69,Ayrton Senna,1:35:21.431,1989 RACE RESULTS
Williams Honda,23 Mar 1986,Brazil,61,Nelson Piquet,1:39:32.583,1986 RACE RESULTS
Lotus Renault,13 Apr 1986,Spain,72,Ayrton Senna,1:48:47.735,1986 RACE RESULTS
McLaren TAG,27 Apr 1986,San Marino,60,Alain Prost,1:32:28.408,1986 RACE RESULTS
McLaren Honda,03 Apr 1988,Brazil,60,Alain Prost,1:36:06.857,1988 RACE RESULTS
McLaren Honda,01 May 1988,San Marino,60,Ayrton Senna,1:32:41.264,1988 RACE RESULTS
McLaren Honda,15 May 1988,Monaco,78,Alain Prost,1:57:17.077,1988 RACE RESULTS
McLaren Honda,29 May 1988,Mexico,67,Alain Prost,1:30:15.737,1988 RACE RESULTS
Williams Renault,01 Mar 1992,South Africa,72,Nigel Mansell,1:36:45.320,1992 RACE RESULTS
Williams Renault,22 Mar 1992,Mexico,69,Nigel Mansell,1:31:53.587,1992 RACE RESULTS
Williams Renault,05 Apr 1992,Brazil,71,Nigel Mansell,1:36:51.856,1992 RACE RESULTS
Williams Renault,03 May 1992,Spain,65,Nigel Mansell,1:56:10.674,1992 RACE RESULTS
Williams Renault,14 Mar 1993,South Africa,72,Alain Prost,1:38:45.082,1993 RACE RESULTS
McLaren Ford,28 Mar 1993,Brazil,71,Ayrton Senna,1:51:15.485,1993 RACE RESULTS
McLaren Ford,11 Apr 1993,Europe,76,Ayrton Senna,1:50:46.570,1993 RACE RESULTS
Williams Renault,25 Apr 1993,San Marino,61,Alain Prost,1:33:20.413,1993 RACE RESULTS
Ferrari,25 Mar 1990,Brazil,71,Alain Prost,1:37:21.258,1990 RACE RESULTS
Williams Renault,13 May 1990,San Marino,61,Riccardo Patrese,1:30:55.478,1990 RACE RESULTS
McLaren Honda,27 May 1990,Monaco,78,Ayrton Senna,1:52:46.982,1990 RACE RESULTS
McLaren Honda,10 Jun 1990,Canada,70,Ayrton Senna,1:42:56.400,1990 RACE RESULTS
Ferrari,24 Jun 1990,Mexico,69,Alain Prost,1:32:35.783,1990 RACE RESULTS
Ferrari,08 Jul 1990,France,80,Alain Prost,1:33:29.606,1990 RACE RESULTS
Ferrari,15 Jul 1990,Great Britain,64,Alain Prost,1:18:30.999,1990 RACE RESULTS
McLaren Honda,29 Jul 1990,Germany,45,Ayrton Senna,1:20:47.164,1990 RACE RESULTS
Williams Renault,12 Aug 1990,Hungary,77,Thierry Boutsen,1:49:30.597,1990 RACE RESULTS
McLaren Honda,26 Aug 1990,Belgium,44,Ayrton Senna,1:26:31.997,1990 RACE RESULTS
McLaren Honda,09 Sep 1990,Italy,53,Ayrton Senna,1:17:57.878,1990 RACE RESULTS
Ferrari,23 Sep 1990,Portugal,61,Nigel Mansell,1:22:11.014,1990 RACE RESULTS
Ferrari,30 Sep 1990,Spain,73,Alain Prost,1:48:01.461,1990 RACE RESULTS
McLaren TAG,17 May 1987,Belgium,43,Alain Prost,1:27:03.217,1987 RACE RESULTS
Lotus Honda,31 May 1987,Monaco,78,Ayrton Senna,1:57:54.085,1987 RACE RESULTS
Lotus Honda,21 Jun 1987,Detroit,63,Ayrton Senna,1:50:16.358,1987 RACE RESULTS
Williams Honda,05 Jul 1987,France,80,Nigel Mansell,1:37:03.839,1987 RACE RESULTS
Williams Honda,12 Jul 1987,Great Britain,65,Nigel Mansell,1:19:11.780,1987 RACE RESULTS
Williams Honda,26 Jul 1987,Germany,44,Nelson Piquet,1:21:25.091,1987 RACE RESULTS
Williams Honda,09 Aug 1987,Hungary,76,Nelson Piquet,1:59:26.793,1987 RACE RESULTS
Williams Honda,16 Aug 1987,Austria,52,Nigel Mansell,1:18:44.898,1987 RACE RESULTS
Williams Honda,06 Sep 1987,Italy,50,Nelson Piquet,1:14:47.707,1987 RACE RESULTS
McLaren TAG,20 Sep 1987,Portugal,70,Alain Prost,1:37:03.906,1987 RACE RESULTS
Williams Honda,27 Sep 1987,Spain,72,Nigel Mansell,1:49:12.692,1987 RACE RESULTS
Williams Honda,18 Oct 1987,Mexico,63,Nigel Mansell,1:26:24.207,1987 RACE RESULTS
McLaren Honda,28 Apr 1991,San Marino,61,Ayrton Senna,1:35:14.750,1991 RACE RESULTS
McLaren Honda,12 May 1991,Monaco,78,Ayrton Senna,1:53:02.334,1991 RACE RESULTS
Benetton Ford,02 Jun 1991,Canada,69,Nelson Piquet,1:38:51.490,1991 RACE RESULTS
Williams Renault,16 Jun 1991,Mexico,67,Riccardo Patrese,1:29:52.205,1991 RACE RESULTS
Williams Renault,07 Jul 1991,France,72,Nigel Mansell,1:38:00.056,1991 RACE RESULTS
Williams Renault,14 Jul 1991,Great Britain,59,Nigel Mansell,1:27:35.479,1991 RACE RESULTS
Williams Renault,28 Jul 1991,Germany,45,Nigel Mansell,1:19:29.661,1991 RACE RESULTS
McLaren Honda,11 Aug 1991,Hungary,77,Ayrton Senna,1:49:12.796,1991 RACE RESULTS
McLaren Honda,25 Aug 1991,Belgium,44,Ayrton Senna,1:27:17.669,1991 RACE RESULTS
Williams Renault,08 Sep 1991,Italy,53,Nigel Mansell,1:17:54.319,1991 RACE RESULTS
Williams Renault,22 Sep 1991,Portugal,71,Riccardo Patrese,1:35:42.304,1991 RACE RESULTS
Williams Renault,29 Sep 1991,Spain,65,Nigel Mansell,1:38:41.541,1991 RACE RESULTS
McLaren Honda,04 Jun 1989,United States,75,Alain Prost,2:01:33.133,1989 RACE RESULTS
Williams Renault,18 Jun 1989,Canada,69,Thierry Boutsen,2:01:24.073,1989 RACE RESULTS
McLaren Honda,09 Jul 1989,France,80,Alain Prost,1:38:29.411,1989 RACE RESULTS
McLaren Honda,16 Jul 1989,Great Britain,64,Alain Prost,1:19:22.131,1989 RACE RESULTS
McLaren Honda,30 Jul 1989,Germany,45,Ayrton Senna,1:21:43.302,1989 RACE RESULTS
Ferrari,13 Aug 1989,Hungary,77,Nigel Mansell,1:49:38.650,1989 RACE RESULTS
McLaren Honda,27 Aug 1989,Belgium,44,Ayrton Senna,1:40:54.196,1989 RACE RESULTS
McLaren Honda,10 Sep 1989,Italy,53,Alain Prost,1:19:27.550,1989 RACE RESULTS
Ferrari,24 Sep 1989,Portugal,71,Gerhard Berger,1:36:48.546,1989 RACE RESULTS
McLaren Honda,01 Oct 1989,Spain,72,Ayrton Senna,1:47:48.264,1989 RACE RESULTS
Benetton Ford,22 Oct 1989,Japan,53,Alessandro Nannini,1:35:06.277,1989 RACE RESULTS
Williams Renault,05 Nov 1989,Australia,70,Thierry Boutsen,2:00:17.421,1989 RACE RESULTS
McLaren TAG,11 May 1986,Monaco,78,Alain Prost,1:55:41.060,1986 RACE RESULTS
Williams Honda,25 May 1986,Belgium,43,Nigel Mansell,1:27:57.925,1986 RACE RESULTS
Williams Honda,15 Jun 1986,Canada,69,Nigel Mansell,1:42:26.415,1986 RACE RESULTS
Lotus Renault,22 Jun 1986,Detroit,63,Ayrton Senna,1:51:12.847,1986 RACE RESULTS
Williams Honda,06 Jul 1986,France,80,Nigel Mansell,1:37:19.272,1986 RACE RESULTS
Williams Honda,13 Jul 1986,Great Britain,75,Nigel Mansell,1:30:38.471,1986 RACE RESULTS
Williams Honda,27 Jul 1986,Germany,44,Nelson Piquet,1:22:08.263,1986 RACE RESULTS
Williams Honda,10 Aug 1986,Hungary,76,Nelson Piquet,2:00:34.508,1986 RACE RESULTS
McLaren TAG,17 Aug 1986,Austria,52,Alain Prost,1:21:22.531,1986 RACE RESULTS
Williams Honda,07 Sep 1986,Italy,51,Nelson Piquet,1:17:42.889,1986 RACE RESULTS
Williams Honda,21 Sep 1986,Portugal,70,Nigel Mansell,1:37:21.900,1986 RACE RESULTS
Benetton BMW,12 Oct 1986,Mexico,68,Gerhard Berger,1:33:18.700,1986 RACE RESULTS
McLaren Honda,12 Jun 1988,Canada,69,Ayrton Senna,1:39:46.618,1988 RACE RESULTS
McLaren Honda,19 Jun 1988,Detroit,63,Ayrton Senna,1:54:56.035,1988 RACE RESULTS
McLaren Honda,03 Jul 1988,France,80,Alain Prost,1:37:37.328,1988 RACE RESULTS
McLaren Honda,10 Jul 1988,Great Britain,65,Ayrton Senna,1:33:16.367,1988 RACE RESULTS
McLaren Honda,24 Jul 1988,Germany,44,Ayrton Senna,1:32:54.188,1988 RACE RESULTS
McLaren Honda,07 Aug 1988,Hungary,76,Ayrton Senna,1:57:47.081,1988 RACE RESULTS
McLaren Honda,28 Aug 1988,Belgium,43,Ayrton Senna,1:28:00.549,1988 RACE RESULTS
Ferrari,11 Sep 1988,Italy,51,Gerhard Berger,1:17:39.744,1988 RACE RESULTS
McLaren Honda,25 Sep 1988,Portugal,70,Alain Prost,1:37:40.958,1988 RACE RESULTS
McLaren Honda,02 Oct 1988,Spain,72,Alain Prost,1:48:43.851,1988 RACE RESULTS
McLaren Honda,30 Oct 1988,Japan,51,Ayrton Senna,1:33:26.173,1988 RACE RESULTS
McLaren Honda,13 Nov 1988,Australia,82,Alain Prost,1:53:14.676,1988 RACE RESULTS
Williams Renault,17 May 1992,San Marino,60,Nigel Mansell,1:28:40.927,1992 RACE RESULTS
McLaren Honda,31 May 1992,Monaco,78,Ayrton Senna,1:50:59.372,1992 RACE RESULTS
McLaren Honda,14 Jun 1992,Canada,69,Gerhard Berger,1:37:08.299,1992 RACE RESULTS
Williams Renault,05 Jul 1992,France,69,Nigel Mansell,1:38:08.459,1992 RACE RESULTS
Williams Renault,12 Jul 1992,Great Britain,59,Nigel Mansell,1:25:42.991,1992 RACE RESULTS
Williams Renault,26 Jul 1992,Germany,45,Nigel Mansell,1:18:22.032,1992 RACE RESULTS
McLaren Honda,16 Aug 1992,Hungary,77,Ayrton Senna,1:46:19.216,1992 RACE RESULTS
Benetton Ford,30 Aug 1992,Belgium,44,Michael Schumacher,1:36:10.721,1992 RACE RESULTS
McLaren Honda,13 Sep 1992,Italy,53,Ayrton Senna,1:18:15.349,1992 RACE RESULTS
Williams Renault,27 Sep 1992,Portugal,71,Nigel Mansell,1:34:46.659,1992 RACE RESULTS
Williams Renault,25 Oct 1992,Japan,53,Riccardo Patrese,1:33:09.553,1992 RACE RESULTS
Williams Renault,09 May 1993,Spain,65,Alain Prost,1:32:27.685,1993 RACE RESULTS
McLaren Ford,23 May 1993,Monaco,78,Ayrton Senna,1:52:10.947,1993 RACE RESULTS
Williams Renault,13 Jun 1993,Canada,69,Alain Prost,1:36:41.822,1993 RACE RESULTS
Williams Renault,04 Jul 1993,France,72,Alain Prost,1:38:35.241,1993 RACE RESULTS
Williams Renault,11 Jul 1993,Great Britain,59,Alain Prost,1:25:38.189,1993 RACE RESULTS
Williams Renault,25 Jul 1993,Germany,45,Alain Prost,1:18:40.885,1993 RACE RESULTS
Williams Renault,15 Aug 1993,Hungary,77,Damon Hill,1:47:39.098,1993 RACE RESULTS
Williams Renault,29 Aug 1993,Belgium,44,Damon Hill,1:24:32.124,1993 RACE RESULTS
Williams Renault,12 Sep 1993,Italy,53,Damon Hill,1:17:07.509,1993 RACE RESULTS
Benetton Ford,26 Sep 1993,Portugal,71,Michael Schumacher,1:32:46.309,1993 RACE RESULTS
McLaren Ford,24 Oct 1993,Japan,53,Ayrton Senna,1:40:27.912,1993 RACE RESULTS
McLaren Ford,07 Nov 1993,Australia,79,Ayrton Senna,1:43:27.476,1993 RACE RESULTS
Benetton Ford,27 Mar 1994,Brazil,71,Michael Schumacher,1:35:38.759,1994 RACE RESULTS
Benetton Ford,17 Apr 1994,Pacific,83,Michael Schumacher,1:46:01.693,1994 RACE RESULTS
Benetton Ford,01 May 1994,San Marino,58,Michael Schumacher,1:28:28.642,1994 RACE RESULTS
Benetton Ford,15 May 1994,Monaco,78,Michael Schumacher,1:49:55.372,1994 RACE RESULTS
Williams Renault,29 May 1994,Spain,65,Damon Hill,1:36:14.374,1994 RACE RESULTS
Benetton Renault,26 Mar 1995,Brazil,71,Michael Schumacher,1:38:34.154,1995 RACE RESULTS
Williams Renault,09 Apr 1995,Argentina,71,Damon Hill,1:51:39.531,1995 RACE RESULTS
Williams Renault,30 Apr 1995,San Marino,63,Damon Hill,1:41:42.552,1995 RACE RESULTS
Williams Renault,10 Mar 1996,Australia,58,Damon Hill,1:32:50.491,1996 RACE RESULTS
Williams Renault,31 Mar 1996,Brazil,71,Damon Hill,1:49:52.976,1996 RACE RESULTS
Williams Renault,07 Apr 1996,Argentina,72,Damon Hill,1:54:55.322,1996 RACE RESULTS
Williams Renault,28 Apr 1996,Europe,67,Jacques Villeneuve,1:33:26.473,1996 RACE RESULTS
Williams Renault,05 May 1996,San Marino,63,Damon Hill,1:35:26.156,1996 RACE RESULTS
Benetton Ford,21 Oct 1990,Japan,53,Nelson Piquet,1:34:36.824,1990 RACE RESULTS
Benetton Ford,04 Nov 1990,Australia,81,Nelson Piquet,1:49:44.570,1990 RACE RESULTS
Ferrari,01 Nov 1987,Japan,51,Gerhard Berger,1:32:58.072,1987 RACE RESULTS
Ferrari,15 Nov 1987,Australia,82,Gerhard Berger,1:52:56.144,1987 RACE RESULTS
McLaren Honda,20 Oct 1991,Japan,53,Gerhard Berger,1:32:10.695,1991 RACE RESULTS
McLaren Honda,03 Nov 1991,Australia,14,Ayrton Senna,24:34.899,1991 RACE RESULTS
McLaren TAG,26 Oct 1986,Australia,82,Alain Prost,1:54:20.388,1986 RACE RESULTS
McLaren Honda,08 Nov 1992,Australia,82,Gerhard Berger,1:46:54.786,1992 RACE RESULTS
Benetton Ford,12 Jun 1994,Canada,69,Michael Schumacher,1:44:31.887,1994 RACE RESULTS
Benetton Ford,03 Jul 1994,France,72,Michael Schumacher,1:38:35.704,1994 RACE RESULTS
Williams Renault,10 Jul 1994,Great Britain,60,Damon Hill,1:30:03.640,1994 RACE RESULTS
Ferrari,31 Jul 1994,Germany,45,Gerhard Berger,1:22:37.272,1994 RACE RESULTS
Benetton Ford,14 Aug 1994,Hungary,77,Michael Schumacher,1:48:00.185,1994 RACE RESULTS
Williams Renault,28 Aug 1994,Belgium,44,Damon Hill,1:28:47.170,1994 RACE RESULTS
Williams Renault,11 Sep 1994,Italy,53,Damon Hill,1:18:02.754,1994 RACE RESULTS
Williams Renault,25 Sep 1994,Portugal,71,Damon Hill,1:41:10.165,1994 RACE RESULTS
Benetton Ford,16 Oct 1994,Europe,69,Michael Schumacher,1:40:26.689,1994 RACE RESULTS
Williams Renault,06 Nov 1994,Japan,50,Damon Hill,1:55:53.532,1994 RACE RESULTS
Williams Renault,13 Nov 1994,Australia,81,Nigel Mansell,1:47:51.480,1994 RACE RESULTS
Benetton Renault,14 May 1995,Spain,65,Michael Schumacher,1:34:20.507,1995 RACE RESULTS
Benetton Renault,28 May 1995,Monaco,78,Michael Schumacher,1:53:11.258,1995 RACE RESULTS
Ferrari,11 Jun 1995,Canada,69,Jean Alesi,1:46:31.333,1995 RACE RESULTS
Benetton Renault,02 Jul 1995,France,72,Michael Schumacher,1:38:28.429,1995 RACE RESULTS
Benetton Renault,16 Jul 1995,Great Britain,61,Johnny Herbert,1:34:35.093,1995 RACE RESULTS
Benetton Renault,30 Jul 1995,Germany,45,Michael Schumacher,1:22:56.043,1995 RACE RESULTS
Williams Renault,13 Aug 1995,Hungary,77,Damon Hill,1:46:25.721,1995 RACE RESULTS
Benetton Renault,27 Aug 1995,Belgium,44,Michael Schumacher,1:36:47.875,1995 RACE RESULTS
Benetton Renault,10 Sep 1995,Italy,53,Johnny Herbert,1:18:27.916,1995 RACE RESULTS
Williams Renault,24 Sep 1995,Portugal,71,David Coulthard,1:41:52.145,1995 RACE RESULTS
Benetton Renault,01 Oct 1995,Europe,67,Michael Schumacher,1:39:59.044,1995 RACE RESULTS
Benetton Renault,22 Oct 1995,Pacific,83,Michael Schumacher,1:48:49.972,1995 RACE RESULTS
Ligier Mugen Honda,19 May 1996,Monaco,75,Olivier Panis,2:00:45.629,1996 RACE RESULTS
Ferrari,02 Jun 1996,Spain,65,Michael Schumacher,1:59:49.307,1996 RACE RESULTS
Williams Renault,16 Jun 1996,Canada,69,Damon Hill,1:36:03.465,1996 RACE RESULTS
Williams Renault,30 Jun 1996,France,72,Damon Hill,1:36:28.795,1996 RACE RESULTS
Williams Renault,14 Jul 1996,Great Britain,61,Jacques Villeneuve,1:33:00.874,1996 RACE RESULTS
Williams Renault,28 Jul 1996,Germany,45,Damon Hill,1:21:43.417,1996 RACE RESULTS
Williams Renault,11 Aug 1996,Hungary,77,Jacques Villeneuve,1:46:21.134,1996 RACE RESULTS
Ferrari,25 Aug 1996,Belgium,44,Michael Schumacher,1:28:15.125,1996 RACE RESULTS
Ferrari,08 Sep 1996,Italy,53,Michael Schumacher,1:17:43.632,1996 RACE RESULTS
Williams Renault,22 Sep 1996,Portugal,70,Jacques Villeneuve,1:40:22.915,1996 RACE RESULTS
Williams Renault,13 Oct 1996,Japan,52,Damon Hill,1:32:33.791,1996 RACE RESULTS
Benetton Renault,29 Oct 1995,Japan,53,Michael Schumacher,1:36:52.930,1995 RACE RESULTS
Williams Renault,12 Nov 1995,Australia,81,Damon Hill,1:49:15.946,1995 RACE RESULTS
Ferrari,07 Mar 1999,Australia,57,Eddie Irvine,1:35:01.659,1999 RACE RESULTS
McLaren Mercedes,11 Apr 1999,Brazil,72,Mika Hakkinen,1:36:03.785,1999 RACE RESULTS
Ferrari,02 May 1999,San Marino,62,Michael Schumacher,1:33:44.792,1999 RACE RESULTS
Ferrari,16 May 1999,Monaco,78,Michael Schumacher,1:49:31.812,1999 RACE RESULTS
McLaren Mercedes,30 May 1999,Spain,65,Mika Hakkinen,1:34:13.665,1999 RACE RESULTS
McLaren Mercedes,13 Jun 1999,Canada,69,Mika Hakkinen,1:41:35.727,1999 RACE RESULTS
Jordan Mugen Honda,27 Jun 1999,France,72,Heinz-Harald Frentzen,1:58:24.343,1999 RACE RESULTS
McLaren Mercedes,11 Jul 1999,Great Britain,60,David Coulthard,1:32:30.144,1999 RACE RESULTS
Ferrari,25 Jul 1999,Austria,71,Eddie Irvine,1:28:12.438,1999 RACE RESULTS
Ferrari,01 Aug 1999,Germany,45,Eddie Irvine,1:21:58.594,1999 RACE RESULTS
McLaren Mercedes,15 Aug 1999,Hungary,77,Mika Hakkinen,1:46:23.536,1999 RACE RESULTS
McLaren Mercedes,29 Aug 1999,Belgium,44,David Coulthard,1:25:43.057,1999 RACE RESULTS
Jordan Mugen Honda,12 Sep 1999,Italy,53,Heinz-Harald Frentzen,1:17:02.923,1999 RACE RESULTS
Stewart Ford,26 Sep 1999,Europe,66,Johnny Herbert,1:41:54.314,1999 RACE RESULTS
Ferrari,17 Oct 1999,Malaysia,56,Eddie Irvine,1:36:38.494,1999 RACE RESULTS
McLaren Mercedes,31 Oct 1999,Japan,53,Mika Hakkinen,1:31:18.785,1999 RACE RESULTS
McLaren Mercedes,08 Mar 1998,Australia,58,Mika Hakkinen,1:31:45.996,1998 RACE RESULTS
McLaren Mercedes,29 Mar 1998,Brazil,72,Mika Hakkinen,1:37:11.747,1998 RACE RESULTS
Ferrari,12 Apr 1998,Argentina,72,Michael Schumacher,1:48:36.175,1998 RACE RESULTS
McLaren Mercedes,26 Apr 1998,San Marino,62,David Coulthard,1:34:24.593,1998 RACE RESULTS
McLaren Mercedes,10 May 1998,Spain,65,Mika Hakkinen,1:33:37.621,1998 RACE RESULTS
Ferrari,04 Mar 2001,Australia,58,Michael Schumacher,1:38:26.533,2001 RACE RESULTS
Ferrari,18 Mar 2001,Malaysia,55,Michael Schumacher,1:47:34.801,2001 RACE RESULTS
McLaren Mercedes,01 Apr 2001,Brazil,71,David Coulthard,1:39:00.834,2001 RACE RESULTS
Williams BMW,15 Apr 2001,San Marino,62,Ralf Schumacher,1:30:44.817,2001 RACE RESULTS
McLaren Mercedes,24 May 1998,Monaco,78,Mika Hakkinen,1:51:23.595,1998 RACE RESULTS
Ferrari,07 Jun 1998,Canada,69,Michael Schumacher,1:40:57.355,1998 RACE RESULTS
Ferrari,28 Jun 1998,France,71,Michael Schumacher,1:34:45.026,1998 RACE RESULTS
Ferrari,12 Jul 1998,Great Britain,60,Michael Schumacher,1:47:02.450,1998 RACE RESULTS
McLaren Mercedes,26 Jul 1998,Austria,71,Mika Hakkinen,1:30:44.086,1998 RACE RESULTS
McLaren Mercedes,02 Aug 1998,Germany,45,Mika Hakkinen,1:20:47.984,1998 RACE RESULTS
Ferrari,16 Aug 1998,Hungary,77,Michael Schumacher,1:45:25.550,1998 RACE RESULTS
Jordan Mugen Honda,30 Aug 1998,Belgium,44,Damon Hill,1:43:47.407,1998 RACE RESULTS
Ferrari,13 Sep 1998,Italy,53,Michael Schumacher,1:17:09.672,1998 RACE RESULTS
McLaren Mercedes,27 Sep 1998,Luxembourg,67,Mika Hakkinen,1:32:14.789,1998 RACE RESULTS
McLaren Mercedes,01 Nov 1998,Japan,51,Mika Hakkinen,1:27:22.535,1998 RACE RESULTS
Ferrari,29 Apr 2001,Spain,65,Michael Schumacher,1:31:03.305,2001 RACE RESULTS
McLaren Mercedes,13 May 2001,Austria,71,David Coulthard,1:27:45.927,2001 RACE RESULTS
Ferrari,27 May 2001,Monaco,78,Michael Schumacher,1:47:22.561,2001 RACE RESULTS
Williams BMW,10 Jun 2001,Canada,69,Ralf Schumacher,1:34:31.522,2001 RACE RESULTS
Ferrari,24 Jun 2001,Europe,67,Michael Schumacher,1:29:42.724,2001 RACE RESULTS
Ferrari,01 Jul 2001,France,72,Michael Schumacher,1:33:35.636,2001 RACE RESULTS
McLaren Mercedes,15 Jul 2001,Great Britain,60,Mika Hakkinen,1:25:33.770,2001 RACE RESULTS
Williams BMW,29 Jul 2001,Germany,45,Ralf Schumacher,1:18:17.873,2001 RACE RESULTS
Ferrari,19 Aug 2001,Hungary,77,Michael Schumacher,1:41:49.675,2001 RACE RESULTS
Ferrari,02 Sep 2001,Belgium,36,Michael Schumacher,1:08:05.002,2001 RACE RESULTS
Williams BMW,16 Sep 2001,Italy,53,Juan Pablo Montoya,1:16:58.493,2001 RACE RESULTS
McLaren Mercedes,30 Sep 2001,United States,73,Mika Hakkinen,1:32:42.840,2001 RACE RESULTS
Ferrari,07 Mar 2004,Australia,58,Michael Schumacher,1:24:15.757,2004 RACE RESULTS
Ferrari,21 Mar 2004,Malaysia,56,Michael Schumacher,1:31:07.490,2004 RACE RESULTS
Ferrari,04 Apr 2004,Bahrain,57,Michael Schumacher,1:28:34.875,2004 RACE RESULTS
Ferrari,25 Apr 2004,San Marino,62,Michael Schumacher,1:26:19.670,2004 RACE RESULTS
McLaren Mercedes,09 Mar 2003,Australia,58,David Coulthard,1:34:42.124,2003 RACE RESULTS
McLaren Mercedes,23 Mar 2003,Malaysia,56,Kimi Räikkönen,1:32:22.195,2003 RACE RESULTS
Jordan Ford,06 Apr 2003,Brazil,54,Giancarlo Fisichella,1:31:17.748,2003 RACE RESULTS
Ferrari,12 Mar 2000,Australia,58,Michael Schumacher,1:34:01.987,2000 RACE RESULTS
Ferrari,26 Mar 2000,Brazil,71,Michael Schumacher,1:31:35.271,2000 RACE RESULTS
Ferrari,09 Apr 2000,San Marino,62,Michael Schumacher,1:31:39.776,2000 RACE RESULTS
McLaren Mercedes,23 Apr 2000,Great Britain,60,David Coulthard,1:28:50.108,2000 RACE RESULTS
McLaren Mercedes,07 May 2000,Spain,65,Mika Hakkinen,1:33:55.390,2000 RACE RESULTS
Ferrari,03 Mar 2002,Australia,58,Michael Schumacher,1:35:36.792,2002 RACE RESULTS
Williams BMW,17 Mar 2002,Malaysia,56,Ralf Schumacher,1:34:12.912,2002 RACE RESULTS
Ferrari,31 Mar 2002,Brazil,71,Michael Schumacher,1:31:43.663,2002 RACE RESULTS
Ferrari,14 Apr 2002,San Marino,62,Michael Schumacher,1:29:10.789,2002 RACE RESULTS
Ferrari,14 Oct 2001,Japan,53,Michael Schumacher,1:27:33.298,2001 RACE RESULTS
Ferrari,09 May 2004,Spain,66,Michael Schumacher,1:27:32.841,2004 RACE RESULTS
Renault,23 May 2004,Monaco,77,Jarno Trulli,1:45:46.601,2004 RACE RESULTS
Ferrari,30 May 2004,Europe,60,Michael Schumacher,1:32:35.101,2004 RACE RESULTS
Ferrari,13 Jun 2004,Canada,70,Michael Schumacher,1:28:24.803,2004 RACE RESULTS
Ferrari,20 Jun 2004,United States,73,Michael Schumacher,1:40:29.914,2004 RACE RESULTS
Ferrari,04 Jul 2004,France,70,Michael Schumacher,1:30:18.133,2004 RACE RESULTS
Ferrari,11 Jul 2004,Great Britain,60,Michael Schumacher,1:24:42.700,2004 RACE RESULTS
Ferrari,25 Jul 2004,Germany,66,Michael Schumacher,1:23:54.848,2004 RACE RESULTS
Ferrari,15 Aug 2004,Hungary,70,Michael Schumacher,1:35:26.131,2004 RACE RESULTS
McLaren Mercedes,29 Aug 2004,Belgium,44,Kimi Räikkönen,1:32:35.274,2004 RACE RESULTS
Ferrari,12 Sep 2004,Italy,53,Rubens Barrichello,1:15:18.448,2004 RACE RESULTS
Ferrari,26 Sep 2004,China,56,Rubens Barrichello,1:29:12.420,2004 RACE RESULTS
Ferrari,20 Apr 2003,San Marino,62,Michael Schumacher,1:28:12.058,2003 RACE RESULTS
Ferrari,04 May 2003,Spain,65,Michael Schumacher,1:33:46.933,2003 RACE RESULTS
Ferrari,18 May 2003,Austria,69,Michael Schumacher,1:24:04.888,2003 RACE RESULTS
Williams BMW,01 Jun 2003,Monaco,78,Juan Pablo Montoya,1:42:19.010,2003 RACE RESULTS
Ferrari,15 Jun 2003,Canada,70,Michael Schumacher,1:31:13.591,2003 RACE RESULTS
Williams BMW,29 Jun 2003,Europe,60,Ralf Schumacher,1:34:43.622,2003 RACE RESULTS
Williams BMW,06 Jul 2003,France,70,Ralf Schumacher,1:30:49.213,2003 RACE RESULTS
Ferrari,20 Jul 2003,Great Britain,60,Rubens Barrichello,1:28:37.554,2003 RACE RESULTS
Williams BMW,03 Aug 2003,Germany,67,Juan Pablo Montoya,1:28:48.769,2003 RACE RESULTS
Renault,24 Aug 2003,Hungary,70,Fernando Alonso,1:39:01.460,2003 RACE RESULTS
Ferrari,14 Sep 2003,Italy,53,Michael Schumacher,1:14:19.838,2003 RACE RESULTS
Ferrari,28 Sep 2003,United States,73,Michael Schumacher,1:33:35.997,2003 RACE RESULTS
Ferrari,21 May 2000,Europe,67,Michael Schumacher,1:42:00.307,2000 RACE RESULTS
McLaren Mercedes,04 Jun 2000,Monaco,78,David Coulthard,1:49:28.213,2000 RACE RESULTS
Ferrari,18 Jun 2000,Canada,69,Michael Schumacher,1:41:12.313,2000 RACE RESULTS
McLaren Mercedes,02 Jul 2000,France,72,David Coulthard,1:38:05.538,2000 RACE RESULTS
McLaren Mercedes,16 Jul 2000,Austria,71,Mika Hakkinen,1:28:15.818,2000 RACE RESULTS
Ferrari,30 Jul 2000,Germany,45,Rubens Barrichello,1:25:34.418,2000 RACE RESULTS
McLaren Mercedes,13 Aug 2000,Hungary,77,Mika Hakkinen,1:45:33.869,2000 RACE RESULTS
McLaren Mercedes,27 Aug 2000,Belgium,44,Mika Hakkinen,1:28:14.494,2000 RACE RESULTS
Ferrari,10 Sep 2000,Italy,53,Michael Schumacher,1:27:31.638,2000 RACE RESULTS
Ferrari,24 Sep 2000,United States,73,Michael Schumacher,1:36:30.883,2000 RACE RESULTS
Ferrari,08 Oct 2000,Japan,53,Michael Schumacher,1:29:53.435,2000 RACE RESULTS
Ferrari,22 Oct 2000,Malaysia,56,Michael Schumacher,1:35:54.235,2000 RACE RESULTS
Ferrari,28 Apr 2002,Spain,65,Michael Schumacher,1:30:29.981,2002 RACE RESULTS
Ferrari,12 May 2002,Austria,71,Michael Schumacher,1:33:51.562,2002 RACE RESULTS
McLaren Mercedes,26 May 2002,Monaco,78,David Coulthard,1:45:39.055,2002 RACE RESULTS
Ferrari,09 Jun 2002,Canada,70,Michael Schumacher,1:33:36.111,2002 RACE RESULTS
Ferrari,23 Jun 2002,Europe,60,Rubens Barrichello,1:35:07.426,2002 RACE RESULTS
Ferrari,07 Jul 2002,Great Britain,60,Michael Schumacher,1:31:45.015,2002 RACE RESULTS
Ferrari,21 Jul 2002,France,72,Michael Schumacher,1:32:09.837,2002 RACE RESULTS
Ferrari,28 Jul 2002,Germany,67,Michael Schumacher,1:27:52.078,2002 RACE RESULTS
Ferrari,18 Aug 2002,Hungary,77,Rubens Barrichello,1:41:49.001,2002 RACE RESULTS
Ferrari,01 Sep 2002,Belgium,44,Michael Schumacher,1:21:20.634,2002 RACE RESULTS
Ferrari,15 Sep 2002,Italy,53,Rubens Barrichello,1:16:19.982,2002 RACE RESULTS
Ferrari,29 Sep 2002,United States,73,Rubens Barrichello,1:31:07.934,2002 RACE RESULTS
Ferrari,13 Oct 2002,Japan,53,Michael Schumacher,1:26:59.698,2002 RACE RESULTS
Ferrari,10 Oct 2004,Japan,53,Michael Schumacher,1:24:26.985,2004 RACE RESULTS
Williams BMW,24 Oct 2004,Brazil,71,Juan Pablo Montoya,1:28:01.451,2004 RACE RESULTS
Ferrari,12 Oct 2003,Japan,53,Rubens Barrichello,1:25:11.743,2003 RACE RESULTS
Renault,12 Mar 2006,Bahrain,57,Fernando Alonso,1:29:46.205,2006 RACE RESULTS
Renault,19 Mar 2006,Malaysia,56,Giancarlo Fisichella,1:30:40.529,2006 RACE RESULTS
Renault,02 Apr 2006,Australia,57,Fernando Alonso,1:34:27.870,2006 RACE RESULTS
Renault,06 Mar 2005,Australia,57,Giancarlo Fisichella,1:24:17.336,2005 RACE RESULTS
Renault,20 Mar 2005,Malaysia,56,Fernando Alonso,1:31:33.736,2005 RACE RESULTS
Renault,03 Apr 2005,Bahrain,57,Fernando Alonso,1:29:18.531,2005 RACE RESULTS
Brawn Mercedes,29 Mar 2009,Australia,58,Jenson Button,1:34:15.784,2009 RACE RESULTS
Brawn Mercedes,05 Apr 2009,Malaysia,31,Jenson Button,55:30.622,2009 RACE RESULTS
RBR Renault,19 Apr 2009,China,56,Sebastian Vettel,1:57:43.485,2009 RACE RESULTS
Brawn Mercedes,26 Apr 2009,Bahrain,57,Jenson Button,1:31:48.182,2009 RACE RESULTS
Ferrari,14 Mar 2010,Bahrain,49,Fernando Alonso,1:39:20.396,2010 RACE RESULTS
McLaren Mercedes,28 Mar 2010,Australia,58,Jenson Button,1:33:36.531,2010 RACE RESULTS
RBR Renault,04 Apr 2010,Malaysia,56,Sebastian Vettel,1:33:48.412,2010 RACE RESULTS
McLaren Mercedes,18 Apr 2010,China,56,Jenson Button,1:46:42.163,2010 RACE RESULTS
Red Bull Racing Renault,27 Mar 2011,Australia,58,Sebastian Vettel,1:29:30.259,2011 RACE RESULTS
Red Bull Racing Renault,10 Apr 2011,Malaysia,56,Sebastian Vettel,1:37:39.832,2011 RACE RESULTS
McLaren Mercedes,17 Apr 2011,China,56,Lewis Hamilton,1:36:58.226,2011 RACE RESULTS
McLaren Mercedes,16 Mar 2008,Australia,58,Lewis Hamilton,1:34:50.616,2008 RACE RESULTS
Ferrari,23 Mar 2008,Malaysia,56,Kimi Räikkönen,1:31:18.555,2008 RACE RESULTS
Ferrari,06 Apr 2008,Bahrain,57,Felipe Massa,1:31:06.970,2008 RACE RESULTS
Ferrari,27 Apr 2008,Spain,66,Kimi Räikkönen,1:38:19.051,2008 RACE RESULTS
Ferrari,11 May 2008,Turkey,58,Felipe Massa,1:26:49.451,2008 RACE RESULTS
Ferrari,18 Mar 2007,Australia,58,Kimi Räikkönen,1:25:28.770,2007 RACE RESULTS
McLaren Mercedes,08 Apr 2007,Malaysia,56,Fernando Alonso,1:32:14.930,2007 RACE RESULTS
Ferrari,15 Apr 2007,Bahrain,57,Felipe Massa,1:33:27.515,2007 RACE RESULTS
Ferrari,13 May 2007,Spain,65,Felipe Massa,1:31:36.230,2007 RACE RESULTS
Lotus Renault,17 Mar 2013,Australia,58,Kimi Räikkönen,1:30:03.225,2013 RACE RESULTS
Red Bull Racing Renault,24 Mar 2013,Malaysia,56,Sebastian Vettel,1:38:56.681,2013 RACE RESULTS
Mercedes,16 Mar 2014,Australia,57,Nico Rosberg,1:32:58.710,2014 RACE RESULTS
Mercedes,30 Mar 2014,Malaysia,56,Lewis Hamilton,1:40:25.974,2014 RACE RESULTS
Mercedes,15 Mar 2015,Australia,58,Lewis Hamilton,1:31:54.067,2015 RACE RESULTS
Ferrari,29 Mar 2015,Malaysia,56,Sebastian Vettel,1:41:05.793,2015 RACE RESULTS
Mercedes,12 Apr 2015,China,56,Lewis Hamilton,1:39:42.008,2015 RACE RESULTS
Ferrari,23 Apr 2006,San Marino,62,Michael Schumacher,1:31:06.486,2006 RACE RESULTS
Ferrari,07 May 2006,Europe,60,Michael Schumacher,1:35:58.765,2006 RACE RESULTS
Renault,14 May 2006,Spain,66,Fernando Alonso,1:26:21.759,2006 RACE RESULTS
Renault,28 May 2006,Monaco,78,Fernando Alonso,1:43:43.116,2006 RACE RESULTS
Renault,11 Jun 2006,Great Britain,60,Fernando Alonso,1:25:51.927,2006 RACE RESULTS
Renault,25 Jun 2006,Canada,70,Fernando Alonso,1:34:37.308,2006 RACE RESULTS
Ferrari,02 Jul 2006,United States,73,Michael Schumacher,1:34:35.199,2006 RACE RESULTS
Ferrari,16 Jul 2006,France,70,Michael Schumacher,1:32:07.803,2006 RACE RESULTS
Ferrari,30 Jul 2006,Germany,67,Michael Schumacher,1:27:51.693,2006 RACE RESULTS
Honda,06 Aug 2006,Hungary,70,Jenson Button,1:52:20.941,2006 RACE RESULTS
Ferrari,27 Aug 2006,Turkey,58,Felipe Massa,1:28:51.082,2006 RACE RESULTS
Renault,24 Apr 2005,San Marino,62,Fernando Alonso,1:27:41.921,2005 RACE RESULTS
McLaren Mercedes,08 May 2005,Spain,66,Kimi Räikkönen,1:27:16.830,2005 RACE RESULTS
McLaren Mercedes,22 May 2005,Monaco,78,Kimi Räikkönen,1:45:15.556,2005 RACE RESULTS
Renault,29 May 2005,Europe,59,Fernando Alonso,1:31:46.648,2005 RACE RESULTS
McLaren Mercedes,12 Jun 2005,Canada,70,Kimi Räikkönen,1:32:09.290,2005 RACE RESULTS
Ferrari,19 Jun 2005,United States,73,Michael Schumacher,1:29:43.181,2005 RACE RESULTS
Renault,03 Jul 2005,France,70,Fernando Alonso,1:31:22.233,2005 RACE RESULTS
McLaren Mercedes,10 Jul 2005,Great Britain,60,Juan Pablo Montoya,1:24:29.588,2005 RACE RESULTS
Renault,24 Jul 2005,Germany,67,Fernando Alonso,1:26:28.599,2005 RACE RESULTS
McLaren Mercedes,31 Jul 2005,Hungary,70,Kimi Räikkönen,1:37:25.552,2005 RACE RESULTS
McLaren Mercedes,21 Aug 2005,Turkey,58,Kimi Räikkönen,1:24:34.454,2005 RACE RESULTS
McLaren Mercedes,04 Sep 2005,Italy,53,Juan Pablo Montoya,1:14:28.659,2005 RACE RESULTS
McLaren Mercedes,11 Sep 2005,Belgium,44,Kimi Räikkönen,1:30:01.295,2005 RACE RESULTS
Brawn Mercedes,10 May 2009,Spain,66,Jenson Button,1:37:19.202,2009 RACE RESULTS
Brawn Mercedes,24 May 2009,Monaco,78,Jenson Button,1:40:44.282,2009 RACE RESULTS
Brawn Mercedes,07 Jun 2009,Turkey,58,Jenson Button,1:26:24.848,2009 RACE RESULTS
RBR Renault,21 Jun 2009,Great Britain,60,Sebastian Vettel,1:22:49.328,2009 RACE RESULTS
RBR Renault,12 Jul 2009,Germany,60,Mark Webber,1:36:43.310,2009 RACE RESULTS
McLaren Mercedes,26 Jul 2009,Hungary,70,Lewis Hamilton,1:38:23.876,2009 RACE RESULTS
Brawn Mercedes,23 Aug 2009,Europe,57,Rubens Barrichello,1:35:51.289,2009 RACE RESULTS
Ferrari,30 Aug 2009,Belgium,44,Kimi Räikkönen,1:23:50.995,2009 RACE RESULTS
Brawn Mercedes,13 Sep 2009,Italy,53,Rubens Barrichello,1:16:21.706,2009 RACE RESULTS
McLaren Mercedes,27 Sep 2009,Singapore,61,Lewis Hamilton,1:56:06.337,2009 RACE RESULTS
RBR Renault,04 Oct 2009,Japan,53,Sebastian Vettel,1:28:20.443,2009 RACE RESULTS
RBR Renault,18 Oct 2009,Brazil,71,Mark Webber,1:32:23.081,2009 RACE RESULTS
RBR Renault,01 Nov 2009,Abu Dhabi,55,Sebastian Vettel,1:34:03.414,2009 RACE RESULTS
RBR Renault,09 May 2010,Spain,66,Mark Webber,1:35:44.101,2010 RACE RESULTS
RBR Renault,16 May 2010,Monaco,78,Mark Webber,1:50:13.355,2010 RACE RESULTS
McLaren Mercedes,30 May 2010,Turkey,58,Lewis Hamilton,1:28:47.620,2010 RACE RESULTS
McLaren Mercedes,13 Jun 2010,Canada,70,Lewis Hamilton,1:33:53.456,2010 RACE RESULTS
RBR Renault,27 Jun 2010,Europe,57,Sebastian Vettel,1:40:29.571,2010 RACE RESULTS
RBR Renault,11 Jul 2010,Great Britain,52,Mark Webber,1:24:38.200,2010 RACE RESULTS
Ferrari,25 Jul 2010,Germany,67,Fernando Alonso,1:27:38.864,2010 RACE RESULTS
RBR Renault,01 Aug 2010,Hungary,70,Mark Webber,1:41:05.571,2010 RACE RESULTS
McLaren Mercedes,29 Aug 2010,Belgium,44,Lewis Hamilton,1:29:04.268,2010 RACE RESULTS
Ferrari,12 Sep 2010,Italy,53,Fernando Alonso,1:16:24.572,2010 RACE RESULTS
Ferrari,26 Sep 2010,Singapore,61,Fernando Alonso,1:57:53.579,2010 RACE RESULTS
RBR Renault,10 Oct 2010,Japan,53,Sebastian Vettel,1:30:27.323,2010 RACE RESULTS
Ferrari,24 Oct 2010,South Korea,55,Fernando Alonso,2:48:20.810,2010 RACE RESULTS
Red Bull Racing Renault,08 May 2011,Turkey,58,Sebastian Vettel,1:30:17.558,2011 RACE RESULTS
Red Bull Racing Renault,22 May 2011,Spain,66,Sebastian Vettel,1:39:03.301,2011 RACE RESULTS
Red Bull Racing Renault,29 May 2011,Monaco,78,Sebastian Vettel,2:09:38.373,2011 RACE RESULTS
McLaren Mercedes,12 Jun 2011,Canada,70,Jenson Button,4:04:39.537,2011 RACE RESULTS
Red Bull Racing Renault,26 Jun 2011,Europe,57,Sebastian Vettel,1:39:36.169,2011 RACE RESULTS
Ferrari,10 Jul 2011,Great Britain,52,Fernando Alonso,1:28:41.196,2011 RACE RESULTS
McLaren Mercedes,24 Jul 2011,Germany,60,Lewis Hamilton,1:37:30.334,2011 RACE RESULTS
McLaren Mercedes,31 Jul 2011,Hungary,70,Jenson Button,1:46:42.337,2011 RACE RESULTS
Red Bull Racing Renault,28 Aug 2011,Belgium,44,Sebastian Vettel,1:26:44.893,2011 RACE RESULTS
Red Bull Racing Renault,11 Sep 2011,Italy,53,Sebastian Vettel,1:20:46.172,2011 RACE RESULTS
Red Bull Racing Renault,25 Sep 2011,Singapore,61,Sebastian Vettel,1:59:06.757,2011 RACE RESULTS
McLaren Mercedes,09 Oct 2011,Japan,53,Jenson Button,1:30:53.427,2011 RACE RESULTS
McLaren Mercedes,25 May 2008,Monaco,76,Lewis Hamilton,2:00:42.742,2008 RACE RESULTS
Sauber BMW,08 Jun 2008,Canada,70,Robert Kubica,1:36:24.447,2008 RACE RESULTS
Ferrari,22 Jun 2008,France,70,Felipe Massa,1:31:50.245,2008 RACE RESULTS
McLaren Mercedes,06 Jul 2008,Great Britain,60,Lewis Hamilton,1:39:09.440,2008 RACE RESULTS
McLaren Mercedes,20 Jul 2008,Germany,67,Lewis Hamilton,1:31:20.874,2008 RACE RESULTS
McLaren Mercedes,03 Aug 2008,Hungary,70,Heikki Kovalainen,1:37:27.067,2008 RACE RESULTS
Ferrari,24 Aug 2008,Europe,57,Felipe Massa,1:35:32.339,2008 RACE RESULTS
Ferrari,07 Sep 2008,Belgium,44,Felipe Massa,1:22:59.394,2008 RACE RESULTS
STR Ferrari,14 Sep 2008,Italy,53,Sebastian Vettel,1:26:47.494,2008 RACE RESULTS
Renault,28 Sep 2008,Singapore,61,Fernando Alonso,1:57:16.304,2008 RACE RESULTS
Renault,12 Oct 2008,Japan,67,Fernando Alonso,1:30:21.892,2008 RACE RESULTS
McLaren Mercedes,19 Oct 2008,China,56,Lewis Hamilton,1:31:57.403,2008 RACE RESULTS
Ferrari,02 Nov 2008,Brazil,71,Felipe Massa,1:34:11.435,2008 RACE RESULTS
McLaren Mercedes,27 May 2007,Monaco,78,Fernando Alonso,1:40:29.329,2007 RACE RESULTS
McLaren Mercedes,10 Jun 2007,Canada,70,Lewis Hamilton,1:44:11.292,2007 RACE RESULTS
McLaren Mercedes,17 Jun 2007,United States,73,Lewis Hamilton,1:31:09.965,2007 RACE RESULTS
Ferrari,01 Jul 2007,France,70,Kimi Räikkönen,1:30:54.200,2007 RACE RESULTS
Ferrari,08 Jul 2007,Great Britain,59,Kimi Räikkönen,1:21:43.074,2007 RACE RESULTS
McLaren Mercedes,22 Jul 2007,Europe,60,Fernando Alonso,2:06:26.358,2007 RACE RESULTS
McLaren Mercedes,05 Aug 2007,Hungary,70,Lewis Hamilton,1:35:52.991,2007 RACE RESULTS
Ferrari,26 Aug 2007,Turkey,58,Felipe Massa,1:26:42.161,2007 RACE RESULTS
McLaren Mercedes,09 Sep 2007,Italy,53,Fernando Alonso,1:18:37.806,2007 RACE RESULTS
Ferrari,16 Sep 2007,Belgium,44,Kimi Räikkönen,1:20:39.066,2007 RACE RESULTS
McLaren Mercedes,30 Sep 2007,Japan,67,Lewis Hamilton,2:00:34.579,2007 RACE RESULTS
Ferrari,07 Oct 2007,China,56,Kimi Räikkönen,1:37:58.395,2007 RACE RESULTS
Ferrari,21 Oct 2007,Brazil,71,Kimi Räikkönen,1:28:15.270,2007 RACE RESULTS
Ferrari,14 Apr 2013,China,56,Fernando Alonso,1:36:26.945,2013 RACE RESULTS
Red Bull Racing Renault,21 Apr 2013,Bahrain,57,Sebastian Vettel,1:36:00.498,2013 RACE RESULTS
Ferrari,12 May 2013,Spain,66,Fernando Alonso,1:39:16.596,2013 RACE RESULTS
Mercedes,26 May 2013,Monaco,78,Nico Rosberg,2:17:52.056,2013 RACE RESULTS
Red Bull Racing Renault,09 Jun 2013,Canada,70,Sebastian Vettel,1:32:09.143,2013 RACE RESULTS
Mercedes,30 Jun 2013,Great Britain,52,Nico Rosberg,1:32:59.456,2013 RACE RESULTS
Red Bull Racing Renault,07 Jul 2013,Germany,60,Sebastian Vettel,1:41:14.711,2013 RACE RESULTS
Mercedes,28 Jul 2013,Hungary,70,Lewis Hamilton,1:42:29.445,2013 RACE RESULTS
Red Bull Racing Renault,25 Aug 2013,Belgium,44,Sebastian Vettel,1:23:42.196,2013 RACE RESULTS
Red Bull Racing Renault,08 Sep 2013,Italy,53,Sebastian Vettel,1:18:33.352,2013 RACE RESULTS
Red Bull Racing Renault,22 Sep 2013,Singapore,61,Sebastian Vettel,1:59:13.132,2013 RACE RESULTS
Red Bull Racing Renault,06 Oct 2013,South Korea,55,Sebastian Vettel,1:43:13.701,2013 RACE RESULTS
Mercedes,06 Apr 2014,Bahrain,57,Lewis Hamilton,1:39:42.743,2014 RACE RESULTS
Mercedes,20 Apr 2014,China,54,Lewis Hamilton,1:33:28.338,2014 RACE RESULTS
Mercedes,11 May 2014,Spain,66,Lewis Hamilton,1:41:05.155,2014 RACE RESULTS
Mercedes,25 May 2014,Monaco,78,Nico Rosberg,1:49:27.661,2014 RACE RESULTS
Red Bull Racing Renault,08 Jun 2014,Canada,70,Daniel Ricciardo,1:39:12.830,2014 RACE RESULTS
Mercedes,22 Jun 2014,Austria,71,Nico Rosberg,1:27:54.976,2014 RACE RESULTS
Mercedes,06 Jul 2014,Great Britain,52,Lewis Hamilton,2:26:52.094,2014 RACE RESULTS
Mercedes,20 Jul 2014,Germany,67,Nico Rosberg,1:33:42.914,2014 RACE RESULTS
Red Bull Racing Renault,27 Jul 2014,Hungary,70,Daniel Ricciardo,1:53:05.058,2014 RACE RESULTS
Red Bull Racing Renault,24 Aug 2014,Belgium,44,Daniel Ricciardo,1:24:36.556,2014 RACE RESULTS
Mercedes,07 Sep 2014,Italy,53,Lewis Hamilton,1:19:10.236,2014 RACE RESULTS
Mercedes,21 Sep 2014,Singapore,60,Lewis Hamilton,2:00:04.795,2014 RACE RESULTS
Mercedes,19 Apr 2015,Bahrain,57,Lewis Hamilton,1:35:05.809,2015 RACE RESULTS
Mercedes,10 May 2015,Spain,66,Nico Rosberg,1:41:12.555,2015 RACE RESULTS
Mercedes,24 May 2015,Monaco,78,Nico Rosberg,1:49:18.420,2015 RACE RESULTS
Mercedes,07 Jun 2015,Canada,70,Lewis Hamilton,1:31:53.145,2015 RACE RESULTS
Mercedes,21 Jun 2015,Austria,71,Nico Rosberg,1:30:16.930,2015 RACE RESULTS
Mercedes,05 Jul 2015,Great Britain,52,Lewis Hamilton,1:31:27.729,2015 RACE RESULTS
Ferrari,26 Jul 2015,Hungary,69,Sebastian Vettel,1:46:09.985,2015 RACE RESULTS
Mercedes,23 Aug 2015,Belgium,43,Lewis Hamilton,1:23:40.387,2015 RACE RESULTS
Mercedes,06 Sep 2015,Italy,53,Lewis Hamilton,1:18:00.688,2015 RACE RESULTS
Ferrari,20 Sep 2015,Singapore,61,Sebastian Vettel,2:01:22.118,2015 RACE RESULTS
Mercedes,27 Sep 2015,Japan,53,Lewis Hamilton,1:28:06.508,2015 RACE RESULTS
Mercedes,11 Oct 2015,Russia,53,Lewis Hamilton,1:37:11.024,2015 RACE RESULTS
Mercedes,25 Oct 2015,United States,56,Lewis Hamilton,1:50:52.703,2015 RACE RESULTS
McLaren Mercedes,18 Mar 2012,Australia,58,Jenson Button,1:34:09.565,2012 RACE RESULTS
Ferrari,25 Mar 2012,Malaysia,56,Fernando Alonso,2:44:51.812,2012 RACE RESULTS
Mercedes,15 Apr 2012,China,56,Nico Rosberg,1:36:26.929,2012 RACE RESULTS
Ferrari,10 Sep 2006,Italy,53,Michael Schumacher,1:14:51.975,2006 RACE RESULTS
Ferrari,01 Oct 2006,China,56,Michael Schumacher,1:37:32.747,2006 RACE RESULTS
Renault,08 Oct 2006,Japan,53,Fernando Alonso,1:23:53.413,2006 RACE RESULTS
Ferrari,22 Oct 2006,Brazil,71,Felipe Massa,1:31:53.751,2006 RACE RESULTS
McLaren Mercedes,25 Sep 2005,Brazil,71,Juan Pablo Montoya,1:29:20.574,2005 RACE RESULTS
McLaren Mercedes,09 Oct 2005,Japan,53,Kimi Räikkönen,1:29:02.212,2005 RACE RESULTS
Renault,16 Oct 2005,China,56,Fernando Alonso,1:39:53.618,2005 RACE RESULTS
RBR Renault,07 Nov 2010,Brazil,71,Sebastian Vettel,1:33:11.803,2010 RACE RESULTS
RBR Renault,14 Nov 2010,Abu Dhabi,55,Sebastian Vettel,1:39:36.837,2010 RACE RESULTS
Red Bull Racing Renault,16 Oct 2011,South Korea,55,Sebastian Vettel,1:38:01.994,2011 RACE RESULTS
Red Bull Racing Renault,30 Oct 2011,India,60,Sebastian Vettel,1:30:35.002,2011 RACE RESULTS
McLaren Mercedes,13 Nov 2011,Abu Dhabi,55,Lewis Hamilton,1:37:11.886,2011 RACE RESULTS
Red Bull Racing Renault,27 Nov 2011,Brazil,71,Mark Webber,1:32:17.464,2011 RACE RESULTS
Red Bull Racing Renault,13 Oct 2013,Japan,53,Sebastian Vettel,1:26:49.301,2013 RACE RESULTS
Red Bull Racing Renault,27 Oct 2013,India,60,Sebastian Vettel,1:31:12.187,2013 RACE RESULTS
Red Bull Racing Renault,03 Nov 2013,Abu Dhabi,55,Sebastian Vettel,1:38:06.106,2013 RACE RESULTS
Red Bull Racing Renault,17 Nov 2013,United States,56,Sebastian Vettel,1:39:17.148,2013 RACE RESULTS
Red Bull Racing Renault,24 Nov 2013,Brazil,71,Sebastian Vettel,1:32:36.300,2013 RACE RESULTS
Mercedes,05 Oct 2014,Japan,44,Lewis Hamilton,1:51:43.021,2014 RACE RESULTS
Mercedes,21 Oct 2014,Russia,53,Lewis Hamilton,1:31:50.744,2014 RACE RESULTS
Mercedes,02 Nov 2014,United States,56,Lewis Hamilton,1:40:04.785,2014 RACE RESULTS
Mercedes,09 Nov 2014,Brazil,71,Nico Rosberg,1:30:02.555,2014 RACE RESULTS
Mercedes,23 Nov 2014,Abu Dhabi,55,Lewis Hamilton,1:39:02.619,2014 RACE RESULTS
Mercedes,01 Nov 2015,Mexico,71,Nico Rosberg,1:42:35.038,2015 RACE RESULTS
Mercedes,15 Nov 2015,Brazil,71,Nico Rosberg,1:31:09.090,2015 RACE RESULTS
Mercedes,29 Nov 2015,Abu Dhabi,55,Nico Rosberg,1:38:30.175,2015 RACE RESULTS
Red Bull Racing Renault,22 Apr 2012,Bahrain,57,Sebastian Vettel,1:35:10.990,2012 RACE RESULTS
Williams Renault,13 May 2012,Spain,66,Pastor Maldonado,1:39:09.145,2012 RACE RESULTS
Red Bull Racing Renault,27 May 2012,Monaco,78,Mark Webber,1:46:06.557,2012 RACE RESULTS
McLaren Mercedes,10 Jun 2012,Canada,70,Lewis Hamilton,1:32:29.586,2012 RACE RESULTS
Ferrari,24 Jun 2012,Europe,57,Fernando Alonso,1:44:16.649,2012 RACE RESULTS
Red Bull Racing Renault,08 Jul 2012,Great Britain,52,Mark Webber,1:25:11.288,2012 RACE RESULTS
Ferrari,22 Jul 2012,Germany,67,Fernando Alonso,1:31:05.862,2012 RACE RESULTS
McLaren Mercedes,29 Jul 2012,Hungary,69,Lewis Hamilton,1:41:05.503,2012 RACE RESULTS
McLaren Mercedes,02 Sep 2012,Belgium,44,Jenson Button,1:29:08.530,2012 RACE RESULTS
McLaren Mercedes,09 Sep 2012,Italy,53,Lewis Hamilton,1:19:41.221,2012 RACE RESULTS
Red Bull Racing Renault,23 Sep 2012,Singapore,59,Sebastian Vettel,2:00:26.144,2012 RACE RESULTS
Red Bull Racing Renault,07 Oct 2012,Japan,53,Sebastian Vettel,1:28:56.242,2012 RACE RESULTS
Red Bull Racing Renault,14 Oct 2012,South Korea,55,Sebastian Vettel,1:36:28.651,2012 RACE RESULTS
Red Bull Racing Renault,28 Oct 2012,India,60,Sebastian Vettel,1:31:10.744,2012 RACE RESULTS
Lotus Renault,04 Nov 2012,Abu Dhabi,55,Kimi Räikkönen,1:45:58.667,2012 RACE RESULTS
McLaren Mercedes,18 Nov 2012,United States,56,Lewis Hamilton,1:35:55.269,2012 RACE RESULTS
McLaren Mercedes,25 Nov 2012,Brazil,71,Jenson Button,1:45:22.656,2012 RACE RESULTS
McLaren Mercedes,09 Mar 1997,Australia,58,David Coulthard,1:30:28.718,1997 RACE RESULTS
Williams Renault,30 Mar 1997,Brazil,72,Jacques Villeneuve,1:36:06.990,1997 RACE RESULTS
Williams Renault,13 Apr 1997,Argentina,72,Jacques Villeneuve,1:52:01.715,1997 RACE RESULTS
Williams Renault,27 Apr 1997,San Marino,62,Heinz-Harald Frentzen,1:31:00.673,1997 RACE RESULTS
Ferrari,11 May 1997,Monaco,62,Michael Schumacher,2:00:05.654,1997 RACE RESULTS
Williams Renault,25 May 1997,Spain,64,Jacques Villeneuve,1:30:35.896,1997 RACE RESULTS
Ferrari,15 Jun 1997,Canada,54,Michael Schumacher,1:17:40.646,1997 RACE RESULTS
Ferrari,29 Jun 1997,France,72,Michael Schumacher,1:38:50.492,1997 RACE RESULTS
Williams Renault,13 Jul 1997,Great Britain,59,Jacques Villeneuve,1:28:01.665,1997 RACE RESULTS
Benetton Renault,27 Jul 1997,Germany,45,Gerhard Berger,1:20:59.046,1997 RACE RESULTS
Williams Renault,10 Aug 1997,Hungary,77,Jacques Villeneuve,1:45:47.149,1997 RACE RESULTS
Ferrari,24 Aug 1997,Belgium,44,Michael Schumacher,1:33:46.717,1997 RACE RESULTS
McLaren Mercedes,07 Sep 1997,Italy,53,David Coulthard,1:17:04.609,1997 RACE RESULTS
Williams Renault,21 Sep 1997,Austria,71,Jacques Villeneuve,1:27:35.999,1997 RACE RESULTS
Williams Renault,28 Sep 1997,Luxembourg,67,Jacques Villeneuve,1:31:27.843,1997 RACE RESULTS
Ferrari,12 Oct 1997,Japan,53,Michael Schumacher,1:29:48.446,1997 RACE RESULTS
McLaren Mercedes,26 Oct 1997,Europe,69,Mika Hakkinen,1:38:57.771,1997 RACE RESULTS
